-- phpMyAdmin SQL Dump
-- version 5.2.1
-- https://www.phpmyadmin.net/
--
-- Servidor: 127.0.0.1
-- Tiempo de generación: 16-05-2024 a las 03:51:56
-- Versión del servidor: 10.4.28-MariaDB
-- Versión de PHP: 8.2.4

SET SQL_MODE = "NO_AUTO_VALUE_ON_ZERO";
START TRANSACTION;
SET time_zone = "+00:00";


/*!40101 SET @OLD_CHARACTER_SET_CLIENT=@@CHARACTER_SET_CLIENT */;
/*!40101 SET @OLD_CHARACTER_SET_RESULTS=@@CHARACTER_SET_RESULTS */;
/*!40101 SET @OLD_COLLATION_CONNECTION=@@COLLATION_CONNECTION */;
/*!40101 SET NAMES utf8mb4 */;

--
-- Base de datos: `adso_2693508`
--

-- --------------------------------------------------------

--
-- Estructura de tabla para la tabla `aprendices`
--

CREATE TABLE `aprendices` (
  `documento` int(20) NOT NULL,
  `id_tipo` int(11) NOT NULL,
  `nombres` varchar(30) NOT NULL,
  `apellidos` varchar(30) NOT NULL,
  `id_estado` int(11) NOT NULL
) ENGINE=InnoDB DEFAULT CHARSET=utf8mb4 COLLATE=utf8mb4_general_ci;

--
-- Volcado de datos para la tabla `aprendices`
--

INSERT INTO `aprendices` (`documento`, `id_tipo`, `nombres`, `apellidos`, `id_estado`) VALUES
(1010174546, 1, 'YON ALEXANDER', 'VILLA HENAO', 1),
(1011081741, 1, 'ESTEBAN', 'SALCEDO PEREZ', 1),
(1011084584, 1, 'AMYLEE VANESSA', 'RODRIGUEZ PISCO', 1),
(1011087667, 1, 'NICOLAS ANDRES', 'BERMEO RODRIGUEZ', 1),
(1011094411, 2, 'JULIAN DAVID', 'ROJAS SAAVEDRA', 1),
(1013597232, 2, 'JUAN SEBASTIAN', 'TOVAR MORENO', 1),
(1014192102, 2, 'NICOLAS', 'CORTES TORRES', 1),
(1014478149, 2, 'DIEGO ALEXANDER', 'GONZALEZ MARTIN', 1),
(1014738906, 2, 'JUAN FELIPE', 'ECHEVERRI BALLESTEROS', 2),
(1016714475, 2, 'LAURA SOFIA', 'CARMONA MINA', 1),
(1016945346, 1, 'JUAN DAVID', 'SOTO MACHUCA', 1),
(1016946665, 1, 'JUAN ESTEBAN', 'SANCHEZ REYES', 1),
(1018411495, 1, 'LUNA CAMILA', 'RIASCOS BARBOSA', 1),
(1019987141, 1, 'ANDRES DAVID', 'MONTOYA POSADA', 3),
(1021395288, 1, 'JOSE LUIS', 'TI CASTRO', 1),
(1021670224, 1, 'JOHAN STIVEN', 'MONSALVE ABELLO', 1),
(1021670576, 2, 'BRANDON STEVEN', 'RODRIGUEZ PABON', 1),
(1022927663, 1, 'BRAYAN ANDRES', 'HERNANDEZ COLON', 1),
(1022931165, 1, 'YOAN STEVEN', 'JULIO CASTELLANOS', 1),
(1022934555, 1, 'JUAN SEBASTIAN', 'NIÑO ENCISO', 1),
(1022935120, 1, 'JESUS LAYONEL', 'CABEZAS ORDOÑEZ', 1),
(1022937035, 2, 'KEISIN ESTEBAN', 'SALAZAR PRIETO', 2),
(1023884019, 1, 'MARCO ANTONIO', 'MARTINEZ CASTILLO', 1),
(1025142412, 1, 'JOSE LUIS', 'MEDINA BUITRAGO', 1),
(1028400716, 2, 'CHRISTOFFER SAMMIR', 'VARGAS MARIN', 1),
(1031644194, 1, 'DANIEL', 'GUTIERREZ OCHOA', 1),
(1032937323, 1, 'JUAN DIEGO', 'SALCEDO GARCIA', 1),
(1034277683, 1, 'GERMAN ALEJANDRO', 'SANCHEZ GAMA', 1),
(1034399642, 2, 'SERGIO ANDRES', 'VELANDIA RODRIGUEZ', 1),
(1052000073, 1, 'ESTEFANY DANIELA', 'MARTINEZ NIÑO', 1),
(1111759651, 1, 'JUAN JOSE', 'CUEVAS VIVAS', 1);

-- --------------------------------------------------------

--
-- Estructura de tabla para la tabla `competencias`
--

CREATE TABLE `competencias` (
  `id_competencia` int(11) NOT NULL,
  `competencia` varchar(70) NOT NULL
) ENGINE=InnoDB DEFAULT CHARSET=utf8mb4 COLLATE=utf8mb4_general_ci;

--
-- Volcado de datos para la tabla `competencias`
--

INSERT INTO `competencias` (`id_competencia`, `competencia`) VALUES
(2, ' RESULTADOS DE APRENDIZAJE ETAPA PRACTICA'),
(36180, ' Enrique Low Murtra - Interactuar en el contexto productivo y social d'),
(36182, ' Resultado de Aprendizaje de la Inducción.'),
(37371, ' Utilizar herramientas informáticas de acuerdo con las necesidades de '),
(37714, ' INTERACTUAR EN LENGUA INGLESA DE FORMA ORAL Y ESCRITA DENTRO DE CONTE'),
(37799, ' APLICAR PRÁCTICAS  DE PROTECCIÓN AMBIENTAL SEGURIDAD Y SALUD EN EL TR'),
(37800, ' GENERAR HÁBITOS SALUDABLES DE VIDA MEDIANTE LA APLICACIÓN DE PROGRAMA'),
(37801, ' APLICACIÓN DE CONOCIMIENTOS DE LAS CIENCIAS NATURALES DE ACUERDO CON '),
(37802, ' DESARROLLAR PROCESOS DE COMUNICACIÓN EFICACES Y EFECTIVOS TENIENDO EN'),
(38199, ' Orientar investigación formativa según referentes técnicos'),
(38356, ' Implementar la solución de software de acuerdo con los requisitos de '),
(38362, ' Diseñar la solución de software de acuerdo con procedimientos y requi'),
(38367, ' Estructurar propuesta técnica de servicio de tecnología de la informa'),
(38368, ' DESARROLLAR LA SOLUCIÓN DE SOFTWARE DE ACUERDO CON EL DISEÑO Y METODO'),
(38369, ' Controlar la calidad del servicio de software de acuerdo con los está'),
(38376, ' Evaluar requisitos de la solución de software de acuerdo con metodolo'),
(38392, ' Establecer requisitos de la solución de software de acuerdo con están'),
(38558, ' Ejercer derechos fundamentales del trabajo en el marco de la constitu'),
(38560, ' Razonar cuantitativamente frente a situaciones susceptibles de ser ab'),
(38561, ' Gestionar procesos propios de la cultura emprendedora y empresarial d');

-- --------------------------------------------------------

--
-- Estructura de tabla para la tabla `estados`
--

CREATE TABLE `estados` (
  `id_estado` int(11) NOT NULL,
  `estado` varchar(30) NOT NULL
) ENGINE=InnoDB DEFAULT CHARSET=utf8mb4 COLLATE=utf8mb4_general_ci;

--
-- Volcado de datos para la tabla `estados`
--

INSERT INTO `estados` (`id_estado`, `estado`) VALUES
(1, 'en formacion'),
(2, 'cancelado'),
(3, 'trasladado');

-- --------------------------------------------------------

--
-- Estructura de tabla para la tabla `evaluaciones`
--

CREATE TABLE `evaluaciones` (
  `id_evaluacion` int(11) NOT NULL,
  `tipo_evaluacion` varchar(30) NOT NULL
) ENGINE=InnoDB DEFAULT CHARSET=utf8mb4 COLLATE=utf8mb4_general_ci;

--
-- Volcado de datos para la tabla `evaluaciones`
--

INSERT INTO `evaluaciones` (`id_evaluacion`, `tipo_evaluacion`) VALUES
(1, 'por evaluar'),
(2, 'aprobado'),
(3, 'no aprobado');

-- --------------------------------------------------------

--
-- Estructura de tabla para la tabla `instructores`
--

CREATE TABLE `instructores` (
  `documento` int(30) NOT NULL,
  `id_tipo` int(11) NOT NULL,
  `instructor` varchar(250) NOT NULL
) ENGINE=InnoDB DEFAULT CHARSET=utf8mb4 COLLATE=utf8mb4_general_ci;

--
-- Volcado de datos para la tabla `instructores`
--

INSERT INTO `instructores` (`documento`, `id_tipo`, `instructor`) VALUES
(1, 3, 'por ingresar\r\n'),
(3171112, 1, 'CARLOS ANDRES HERRERA MORA'),
(23779214, 1, 'NELLY EDITH NAVARRO DE CAMACHO'),
(39573531, 1, 'MARIA ALEJANDRA GARCIA ROMERO'),
(51796480, 1, 'MARTHA CECILIA SEPULVEDA HERNANDEZ'),
(51985742, 1, 'MARTHA LUCIA CELYS ZEA'),
(52787215, 1, 'EDITH CORTES'),
(65779404, 1, 'MARIA CRISTINA NIETO HERRERA'),
(79212967, 1, 'FABIAN ALEJANDRO RODRIGUEZ LOPEZ'),
(79411357, 1, 'FABIAN ORLANDO PARRA VELOSA'),
(79632750, 1, 'HEIVER CUESTA DAVILA'),
(80148654, 1, 'MARIO ANDRES RODRIGUEZ LOPEZ'),
(80797208, 1, 'HECTOR ALONSO OLIVOS MARTIN'),
(1022934514, 1, 'WENDY YURANY BOHORQUEZ OLIVEROS');

-- --------------------------------------------------------

--
-- Estructura de tabla para la tabla `juicios`
--

CREATE TABLE `juicios` (
  `id_juicio` int(11) NOT NULL,
  `id_resultado` int(11) NOT NULL,
  `id_aprendiz` int(11) NOT NULL,
  `id_evaluacion` int(11) NOT NULL,
  `id_instructor` int(30) DEFAULT NULL
) ENGINE=InnoDB DEFAULT CHARSET=utf8mb4 COLLATE=utf8mb4_general_ci;

--
-- Volcado de datos para la tabla `juicios`
--

INSERT INTO `juicios` (`id_juicio`, `id_resultado`, `id_aprendiz`, `id_evaluacion`, `id_instructor`) VALUES
(1, 590803, 1010174546, 1, 1),
(2, 593147, 1010174546, 2, 51985742),
(3, 593148, 1010174546, 2, 51985742),
(4, 593149, 1010174546, 2, 51985742),
(5, 593150, 1010174546, 2, 51985742),
(6, 593343, 1010174546, 2, 79411357),
(7, 593151, 1010174546, 2, 79411357),
(8, 593152, 1010174546, 2, 79411357),
(9, 593153, 1010174546, 2, 79411357),
(10, 593154, 1010174546, 2, 79411357),
(11, 593113, 1010174546, 1, 1),
(12, 593114, 1010174546, 2, 1022934514),
(13, 593115, 1010174546, 2, 1022934514),
(14, 593116, 1010174546, 1, 1),
(15, 593117, 1010174546, 2, 1022934514),
(16, 593118, 1010174546, 2, 1022934514),
(17, 593155, 1010174546, 2, 65779404),
(18, 593156, 1010174546, 2, 65779404),
(19, 593157, 1010174546, 2, 65779404),
(20, 593158, 1010174546, 2, 65779404),
(21, 593119, 1010174546, 2, 80797208),
(22, 593120, 1010174546, 2, 80797208),
(23, 593121, 1010174546, 2, 80797208),
(24, 593122, 1010174546, 2, 80797208),
(25, 593159, 1010174546, 2, 79411357),
(26, 593160, 1010174546, 2, 79411357),
(27, 593161, 1010174546, 2, 79411357),
(28, 593162, 1010174546, 2, 79411357),
(29, 593224, 1010174546, 2, 51796480),
(30, 593225, 1010174546, 2, 51796480),
(31, 593226, 1010174546, 2, 51796480),
(32, 593227, 1010174546, 2, 51796480),
(33, 593235, 1010174546, 2, 3171112),
(34, 593236, 1010174546, 2, 3171112),
(35, 593237, 1010174546, 2, 3171112),
(36, 593238, 1010174546, 2, 3171112),
(37, 593109, 1010174546, 1, 1),
(38, 593110, 1010174546, 1, 1),
(39, 593111, 1010174546, 1, 1),
(40, 593112, 1010174546, 1, 1),
(41, 593100, 1010174546, 2, 79212967),
(42, 593101, 1010174546, 2, 79411357),
(43, 593102, 1010174546, 2, 52787215),
(44, 593103, 1010174546, 2, 52787215),
(45, 593060, 1010174546, 2, 79411357),
(46, 593061, 1010174546, 2, 79212967),
(47, 593062, 1010174546, 2, 79212967),
(48, 593104, 1010174546, 2, 79212967),
(49, 593105, 1010174546, 1, 1),
(50, 593106, 1010174546, 2, 79212967),
(51, 593107, 1010174546, 2, 52787215),
(52, 593108, 1010174546, 2, 79632750),
(53, 593144, 1010174546, 1, 1),
(54, 593145, 1010174546, 1, 1),
(55, 593146, 1010174546, 1, 1),
(56, 592373, 1010174546, 2, 79411357),
(57, 592374, 1010174546, 1, 1),
(58, 592375, 1010174546, 2, 79411357),
(59, 592376, 1010174546, 2, 52787215),
(60, 593344, 1010174546, 2, 79411357),
(61, 593345, 1010174546, 2, 79411357),
(62, 593346, 1010174546, 2, 79411357),
(63, 593347, 1010174546, 2, 79411357),
(64, 593243, 1010174546, 2, 39573531),
(65, 593244, 1010174546, 2, 39573531),
(66, 593245, 1010174546, 2, 39573531),
(67, 593246, 1010174546, 2, 39573531),
(68, 593255, 1010174546, 2, 79411357),
(69, 593256, 1010174546, 2, 79411357),
(70, 593257, 1010174546, 2, 79411357),
(71, 593258, 1010174546, 2, 79411357),
(72, 593259, 1010174546, 2, 23779214),
(73, 593340, 1010174546, 2, 23779214),
(74, 593341, 1010174546, 2, 23779214),
(75, 593342, 1010174546, 2, 23779214),
(76, 590803, 1011081741, 1, 1),
(77, 593147, 1011081741, 2, 51985742),
(78, 593148, 1011081741, 2, 51985742),
(79, 593149, 1011081741, 2, 51985742),
(80, 593150, 1011081741, 2, 51985742),
(81, 593343, 1011081741, 2, 79411357),
(82, 593151, 1011081741, 2, 79411357),
(83, 593152, 1011081741, 2, 79411357),
(84, 593153, 1011081741, 2, 79411357),
(85, 593154, 1011081741, 2, 79411357),
(86, 593113, 1011081741, 1, 1),
(87, 593114, 1011081741, 2, 1022934514),
(88, 593115, 1011081741, 2, 1022934514),
(89, 593116, 1011081741, 1, 1),
(90, 593117, 1011081741, 2, 1022934514),
(91, 593118, 1011081741, 2, 1022934514),
(92, 593155, 1011081741, 2, 65779404),
(93, 593156, 1011081741, 2, 65779404),
(94, 593157, 1011081741, 2, 65779404),
(95, 593158, 1011081741, 2, 65779404),
(96, 593119, 1011081741, 2, 80797208),
(97, 593120, 1011081741, 2, 80797208),
(98, 593121, 1011081741, 2, 80797208),
(99, 593122, 1011081741, 2, 80797208),
(100, 593159, 1011081741, 2, 79411357),
(101, 593160, 1011081741, 2, 79411357),
(102, 593161, 1011081741, 2, 79411357),
(103, 593162, 1011081741, 2, 79411357),
(104, 593224, 1011081741, 2, 51796480),
(105, 593225, 1011081741, 2, 51796480),
(106, 593226, 1011081741, 2, 51796480),
(107, 593227, 1011081741, 2, 51796480),
(108, 593235, 1011081741, 2, 3171112),
(109, 593236, 1011081741, 2, 3171112),
(110, 593237, 1011081741, 2, 3171112),
(111, 593238, 1011081741, 2, 3171112),
(112, 593109, 1011081741, 1, 1),
(113, 593110, 1011081741, 1, 1),
(114, 593111, 1011081741, 1, 1),
(115, 593112, 1011081741, 1, 1),
(116, 593100, 1011081741, 2, 79212967),
(117, 593101, 1011081741, 2, 79411357),
(118, 593102, 1011081741, 2, 52787215),
(119, 593103, 1011081741, 2, 52787215),
(120, 593060, 1011081741, 2, 79411357),
(121, 593061, 1011081741, 2, 79212967),
(122, 593062, 1011081741, 2, 79212967),
(123, 593104, 1011081741, 2, 79212967),
(124, 593105, 1011081741, 1, 1),
(125, 593106, 1011081741, 2, 79212967),
(126, 593107, 1011081741, 2, 52787215),
(127, 593108, 1011081741, 2, 79632750),
(128, 593144, 1011081741, 1, 1),
(129, 593145, 1011081741, 1, 1),
(130, 593146, 1011081741, 1, 1),
(131, 592373, 1011081741, 2, 79411357),
(132, 592374, 1011081741, 1, 1),
(133, 592375, 1011081741, 2, 79411357),
(134, 592376, 1011081741, 2, 52787215),
(135, 593344, 1011081741, 2, 79411357),
(136, 593345, 1011081741, 2, 79411357),
(137, 593346, 1011081741, 2, 79411357),
(138, 593347, 1011081741, 2, 79411357),
(139, 593243, 1011081741, 2, 39573531),
(140, 593244, 1011081741, 2, 39573531),
(141, 593245, 1011081741, 2, 39573531),
(142, 593246, 1011081741, 2, 39573531),
(143, 593255, 1011081741, 2, 79411357),
(144, 593256, 1011081741, 2, 79411357),
(145, 593257, 1011081741, 2, 79411357),
(146, 593258, 1011081741, 2, 79411357),
(147, 593259, 1011081741, 2, 23779214),
(148, 593340, 1011081741, 2, 23779214),
(149, 593341, 1011081741, 2, 23779214),
(150, 593342, 1011081741, 2, 23779214),
(151, 590803, 1011084584, 1, 1),
(152, 593147, 1011084584, 2, 51985742),
(153, 593148, 1011084584, 2, 51985742),
(154, 593149, 1011084584, 2, 51985742),
(155, 593150, 1011084584, 2, 51985742),
(156, 593343, 1011084584, 2, 79411357),
(157, 593151, 1011084584, 2, 79411357),
(158, 593152, 1011084584, 2, 79411357),
(159, 593153, 1011084584, 2, 79411357),
(160, 593154, 1011084584, 2, 79411357),
(161, 593113, 1011084584, 1, 1),
(162, 593114, 1011084584, 2, 1022934514),
(163, 593115, 1011084584, 2, 1022934514),
(164, 593116, 1011084584, 1, 1),
(165, 593117, 1011084584, 2, 1022934514),
(166, 593118, 1011084584, 2, 1022934514),
(167, 593155, 1011084584, 2, 65779404),
(168, 593156, 1011084584, 2, 65779404),
(169, 593157, 1011084584, 2, 65779404),
(170, 593158, 1011084584, 2, 65779404),
(171, 593119, 1011084584, 2, 80797208),
(172, 593120, 1011084584, 2, 80797208),
(173, 593121, 1011084584, 2, 80797208),
(174, 593122, 1011084584, 2, 80797208),
(175, 593159, 1011084584, 2, 79411357),
(176, 593160, 1011084584, 2, 79411357),
(177, 593161, 1011084584, 2, 79411357),
(178, 593162, 1011084584, 2, 79411357),
(179, 593224, 1011084584, 2, 51796480),
(180, 593225, 1011084584, 2, 51796480),
(181, 593226, 1011084584, 2, 51796480),
(182, 593227, 1011084584, 2, 51796480),
(183, 593235, 1011084584, 2, 3171112),
(184, 593236, 1011084584, 2, 3171112),
(185, 593237, 1011084584, 2, 3171112),
(186, 593238, 1011084584, 2, 3171112),
(187, 593109, 1011084584, 1, 1),
(188, 593110, 1011084584, 1, 1),
(189, 593111, 1011084584, 1, 1),
(190, 593112, 1011084584, 1, 1),
(191, 593100, 1011084584, 2, 79212967),
(192, 593101, 1011084584, 2, 79411357),
(193, 593102, 1011084584, 2, 52787215),
(194, 593103, 1011084584, 2, 52787215),
(195, 593060, 1011084584, 2, 79411357),
(196, 593061, 1011084584, 2, 79212967),
(197, 593062, 1011084584, 2, 79212967),
(198, 593104, 1011084584, 2, 79212967),
(199, 593105, 1011084584, 1, 1),
(200, 593106, 1011084584, 2, 79212967),
(201, 593107, 1011084584, 2, 52787215),
(202, 593108, 1011084584, 2, 79632750),
(203, 593144, 1011084584, 1, 1),
(204, 593145, 1011084584, 1, 1),
(205, 593146, 1011084584, 1, 1),
(206, 592373, 1011084584, 2, 79411357),
(207, 592374, 1011084584, 1, 1),
(208, 592375, 1011084584, 2, 79411357),
(209, 592376, 1011084584, 2, 52787215),
(210, 593344, 1011084584, 2, 79411357),
(211, 593345, 1011084584, 2, 79411357),
(212, 593346, 1011084584, 2, 79411357),
(213, 593347, 1011084584, 2, 79411357),
(214, 593243, 1011084584, 2, 39573531),
(215, 593244, 1011084584, 2, 39573531),
(216, 593245, 1011084584, 2, 39573531),
(217, 593246, 1011084584, 2, 39573531),
(218, 593255, 1011084584, 2, 79411357),
(219, 593256, 1011084584, 2, 79411357),
(220, 593257, 1011084584, 2, 79411357),
(221, 593258, 1011084584, 2, 79411357),
(222, 593259, 1011084584, 2, 23779214),
(223, 593340, 1011084584, 2, 23779214),
(224, 593341, 1011084584, 2, 23779214),
(225, 593342, 1011084584, 2, 23779214),
(226, 590803, 1011087667, 1, 1),
(227, 593147, 1011087667, 2, 51985742),
(228, 593148, 1011087667, 2, 51985742),
(229, 593149, 1011087667, 2, 51985742),
(230, 593150, 1011087667, 2, 51985742),
(231, 593343, 1011087667, 2, 79411357),
(232, 593151, 1011087667, 2, 79411357),
(233, 593152, 1011087667, 2, 79411357),
(234, 593153, 1011087667, 2, 79411357),
(235, 593154, 1011087667, 2, 79411357),
(236, 593113, 1011087667, 1, 1),
(237, 593114, 1011087667, 2, 1022934514),
(238, 593115, 1011087667, 2, 1022934514),
(239, 593116, 1011087667, 1, 1),
(240, 593117, 1011087667, 2, 1022934514),
(241, 593118, 1011087667, 2, 1022934514),
(242, 593155, 1011087667, 2, 65779404),
(243, 593156, 1011087667, 2, 65779404),
(244, 593157, 1011087667, 2, 65779404),
(245, 593158, 1011087667, 2, 65779404),
(246, 593119, 1011087667, 2, 80797208),
(247, 593120, 1011087667, 2, 80797208),
(248, 593121, 1011087667, 2, 80797208),
(249, 593122, 1011087667, 2, 80797208),
(250, 593159, 1011087667, 2, 79411357),
(251, 593160, 1011087667, 2, 79411357),
(252, 593161, 1011087667, 2, 79411357),
(253, 593162, 1011087667, 2, 79411357),
(254, 593224, 1011087667, 2, 51796480),
(255, 593225, 1011087667, 2, 51796480),
(256, 593226, 1011087667, 2, 51796480),
(257, 593227, 1011087667, 2, 51796480),
(258, 593235, 1011087667, 2, 3171112),
(259, 593236, 1011087667, 2, 3171112),
(260, 593237, 1011087667, 2, 3171112),
(261, 593238, 1011087667, 2, 3171112),
(262, 593109, 1011087667, 1, 1),
(263, 593110, 1011087667, 1, 1),
(264, 593111, 1011087667, 1, 1),
(265, 593112, 1011087667, 1, 1),
(266, 593100, 1011087667, 2, 79212967),
(267, 593101, 1011087667, 2, 79411357),
(268, 593102, 1011087667, 2, 52787215),
(269, 593103, 1011087667, 2, 52787215),
(270, 593060, 1011087667, 2, 79411357),
(271, 593061, 1011087667, 2, 79212967),
(272, 593062, 1011087667, 2, 79212967),
(273, 593104, 1011087667, 2, 79212967),
(274, 593105, 1011087667, 1, 1),
(275, 593106, 1011087667, 2, 79212967),
(276, 593107, 1011087667, 2, 52787215),
(277, 593108, 1011087667, 2, 79632750),
(278, 593144, 1011087667, 1, 1),
(279, 593145, 1011087667, 1, 1),
(280, 593146, 1011087667, 1, 1),
(281, 592373, 1011087667, 2, 79411357),
(282, 592374, 1011087667, 1, 1),
(283, 592375, 1011087667, 2, 79411357),
(284, 592376, 1011087667, 2, 52787215),
(285, 593344, 1011087667, 2, 79411357),
(286, 593345, 1011087667, 2, 79411357),
(287, 593346, 1011087667, 2, 79411357),
(288, 593347, 1011087667, 2, 79411357),
(289, 593243, 1011087667, 2, 39573531),
(290, 593244, 1011087667, 2, 39573531),
(291, 593245, 1011087667, 2, 39573531),
(292, 593246, 1011087667, 2, 39573531),
(293, 593255, 1011087667, 2, 79411357),
(294, 593256, 1011087667, 2, 79411357),
(295, 593257, 1011087667, 2, 79411357),
(296, 593258, 1011087667, 2, 79411357),
(297, 593259, 1011087667, 2, 23779214),
(298, 593340, 1011087667, 2, 23779214),
(299, 593341, 1011087667, 2, 23779214),
(300, 593342, 1011087667, 2, 23779214),
(301, 590803, 1011094411, 1, 1),
(302, 593147, 1011094411, 2, 51985742),
(303, 593148, 1011094411, 2, 51985742),
(304, 593149, 1011094411, 2, 51985742),
(305, 593150, 1011094411, 2, 51985742),
(306, 593343, 1011094411, 2, 79411357),
(307, 593151, 1011094411, 2, 79411357),
(308, 593152, 1011094411, 2, 79411357),
(309, 593153, 1011094411, 2, 79411357),
(310, 593154, 1011094411, 2, 79411357),
(311, 593113, 1011094411, 1, 1),
(312, 593114, 1011094411, 2, 1022934514),
(313, 593115, 1011094411, 2, 1022934514),
(314, 593116, 1011094411, 1, 1),
(315, 593117, 1011094411, 2, 1022934514),
(316, 593118, 1011094411, 2, 1022934514),
(317, 593155, 1011094411, 2, 65779404),
(318, 593156, 1011094411, 2, 65779404),
(319, 593157, 1011094411, 2, 65779404),
(320, 593158, 1011094411, 2, 65779404),
(321, 593119, 1011094411, 2, 80797208),
(322, 593120, 1011094411, 2, 80797208),
(323, 593121, 1011094411, 2, 80797208),
(324, 593122, 1011094411, 2, 80797208),
(325, 593159, 1011094411, 2, 79411357),
(326, 593160, 1011094411, 2, 79411357),
(327, 593161, 1011094411, 2, 79411357),
(328, 593162, 1011094411, 2, 79411357),
(329, 593224, 1011094411, 2, 51796480),
(330, 593225, 1011094411, 2, 51796480),
(331, 593226, 1011094411, 2, 51796480),
(332, 593227, 1011094411, 2, 51796480),
(333, 593235, 1011094411, 2, 3171112),
(334, 593236, 1011094411, 2, 3171112),
(335, 593237, 1011094411, 2, 3171112),
(336, 593238, 1011094411, 2, 3171112),
(337, 593109, 1011094411, 1, 1),
(338, 593110, 1011094411, 1, 1),
(339, 593111, 1011094411, 1, 1),
(340, 593112, 1011094411, 1, 1),
(341, 593100, 1011094411, 2, 79212967),
(342, 593101, 1011094411, 2, 79411357),
(343, 593102, 1011094411, 2, 52787215),
(344, 593103, 1011094411, 2, 52787215),
(345, 593060, 1011094411, 2, 79411357),
(346, 593061, 1011094411, 2, 79212967),
(347, 593062, 1011094411, 2, 79212967),
(348, 593104, 1011094411, 2, 79212967),
(349, 593105, 1011094411, 1, 1),
(350, 593106, 1011094411, 2, 79212967),
(351, 593107, 1011094411, 2, 52787215),
(352, 593108, 1011094411, 2, 79632750),
(353, 593144, 1011094411, 1, 1),
(354, 593145, 1011094411, 1, 1),
(355, 593146, 1011094411, 1, 1),
(356, 592373, 1011094411, 2, 79411357),
(357, 592374, 1011094411, 1, 1),
(358, 592375, 1011094411, 2, 79411357),
(359, 592376, 1011094411, 2, 52787215),
(360, 593344, 1011094411, 2, 79411357),
(361, 593345, 1011094411, 2, 79411357),
(362, 593346, 1011094411, 2, 79411357),
(363, 593347, 1011094411, 2, 79411357),
(364, 593243, 1011094411, 2, 39573531),
(365, 593244, 1011094411, 2, 39573531),
(366, 593245, 1011094411, 2, 39573531),
(367, 593246, 1011094411, 2, 39573531),
(368, 593255, 1011094411, 2, 79411357),
(369, 593256, 1011094411, 2, 79411357),
(370, 593257, 1011094411, 2, 79411357),
(371, 593258, 1011094411, 2, 79411357),
(372, 593259, 1011094411, 2, 23779214),
(373, 593340, 1011094411, 2, 23779214),
(374, 593341, 1011094411, 2, 23779214),
(375, 593342, 1011094411, 2, 23779214),
(376, 590803, 1013597232, 1, 1),
(377, 593147, 1013597232, 2, 51985742),
(378, 593148, 1013597232, 2, 51985742),
(379, 593149, 1013597232, 2, 51985742),
(380, 593150, 1013597232, 2, 51985742),
(381, 593343, 1013597232, 2, 79411357),
(382, 593151, 1013597232, 2, 79411357),
(383, 593152, 1013597232, 2, 79411357),
(384, 593153, 1013597232, 2, 79411357),
(385, 593154, 1013597232, 2, 79411357),
(386, 593113, 1013597232, 1, 1),
(387, 593114, 1013597232, 2, 1022934514),
(388, 593115, 1013597232, 2, 1022934514),
(389, 593116, 1013597232, 1, 1),
(390, 593117, 1013597232, 2, 1022934514),
(391, 593118, 1013597232, 2, 1022934514),
(392, 593155, 1013597232, 2, 65779404),
(393, 593156, 1013597232, 2, 65779404),
(394, 593157, 1013597232, 2, 65779404),
(395, 593158, 1013597232, 2, 65779404),
(396, 593119, 1013597232, 2, 80797208),
(397, 593120, 1013597232, 2, 80797208),
(398, 593121, 1013597232, 2, 80797208),
(399, 593122, 1013597232, 2, 80797208),
(400, 593159, 1013597232, 2, 79411357),
(401, 593160, 1013597232, 2, 79411357),
(402, 593161, 1013597232, 2, 79411357),
(403, 593162, 1013597232, 2, 79411357),
(404, 593224, 1013597232, 2, 51796480),
(405, 593225, 1013597232, 2, 51796480),
(406, 593226, 1013597232, 2, 51796480),
(407, 593227, 1013597232, 2, 51796480),
(408, 593235, 1013597232, 2, 3171112),
(409, 593236, 1013597232, 2, 3171112),
(410, 593237, 1013597232, 2, 3171112),
(411, 593238, 1013597232, 2, 3171112),
(412, 593109, 1013597232, 1, 1),
(413, 593110, 1013597232, 1, 1),
(414, 593111, 1013597232, 1, 1),
(415, 593112, 1013597232, 1, 1),
(416, 593100, 1013597232, 2, 79212967),
(417, 593101, 1013597232, 2, 79411357),
(418, 593102, 1013597232, 2, 52787215),
(419, 593103, 1013597232, 2, 52787215),
(420, 593060, 1013597232, 2, 79411357),
(421, 593061, 1013597232, 2, 79212967),
(422, 593062, 1013597232, 2, 79212967),
(423, 593104, 1013597232, 2, 79212967),
(424, 593105, 1013597232, 1, 1),
(425, 593106, 1013597232, 2, 79212967),
(426, 593107, 1013597232, 2, 52787215),
(427, 593108, 1013597232, 2, 79632750),
(428, 593144, 1013597232, 1, 1),
(429, 593145, 1013597232, 1, 1),
(430, 593146, 1013597232, 1, 1),
(431, 592373, 1013597232, 2, 79411357),
(432, 592374, 1013597232, 1, 1),
(433, 592375, 1013597232, 2, 79411357),
(434, 592376, 1013597232, 2, 52787215),
(435, 593344, 1013597232, 2, 79411357),
(436, 593345, 1013597232, 2, 79411357),
(437, 593346, 1013597232, 2, 79411357),
(438, 593347, 1013597232, 2, 79411357),
(439, 593243, 1013597232, 2, 39573531),
(440, 593244, 1013597232, 2, 39573531),
(441, 593245, 1013597232, 2, 39573531),
(442, 593246, 1013597232, 2, 39573531),
(443, 593255, 1013597232, 2, 79411357),
(444, 593256, 1013597232, 2, 79411357),
(445, 593257, 1013597232, 2, 79411357),
(446, 593258, 1013597232, 2, 79411357),
(447, 593259, 1013597232, 2, 23779214),
(448, 593340, 1013597232, 2, 23779214),
(449, 593341, 1013597232, 2, 23779214),
(450, 593342, 1013597232, 2, 23779214),
(451, 590803, 1014192102, 1, 1),
(452, 593147, 1014192102, 2, 51985742),
(453, 593148, 1014192102, 2, 51985742),
(454, 593149, 1014192102, 2, 51985742),
(455, 593150, 1014192102, 2, 51985742),
(456, 593343, 1014192102, 2, 79411357),
(457, 593151, 1014192102, 2, 79411357),
(458, 593152, 1014192102, 2, 79411357),
(459, 593153, 1014192102, 2, 79411357),
(460, 593154, 1014192102, 2, 79411357),
(461, 593113, 1014192102, 1, 1),
(462, 593114, 1014192102, 2, 1022934514),
(463, 593115, 1014192102, 2, 1022934514),
(464, 593116, 1014192102, 1, 1),
(465, 593117, 1014192102, 2, 1022934514),
(466, 593118, 1014192102, 2, 1022934514),
(467, 593155, 1014192102, 2, 65779404),
(468, 593156, 1014192102, 2, 65779404),
(469, 593157, 1014192102, 2, 65779404),
(470, 593158, 1014192102, 2, 65779404),
(471, 593119, 1014192102, 2, 80797208),
(472, 593120, 1014192102, 2, 80797208),
(473, 593121, 1014192102, 2, 80797208),
(474, 593122, 1014192102, 2, 80797208),
(475, 593159, 1014192102, 2, 79411357),
(476, 593160, 1014192102, 2, 79411357),
(477, 593161, 1014192102, 2, 79411357),
(478, 593162, 1014192102, 2, 79411357),
(479, 593224, 1014192102, 2, 51796480),
(480, 593225, 1014192102, 2, 51796480),
(481, 593226, 1014192102, 2, 51796480),
(482, 593227, 1014192102, 2, 51796480),
(483, 593235, 1014192102, 2, 3171112),
(484, 593236, 1014192102, 2, 3171112),
(485, 593237, 1014192102, 2, 3171112),
(486, 593238, 1014192102, 2, 3171112),
(487, 593109, 1014192102, 1, 1),
(488, 593110, 1014192102, 1, 1),
(489, 593111, 1014192102, 1, 1),
(490, 593112, 1014192102, 1, 1),
(491, 593100, 1014192102, 2, 79212967),
(492, 593101, 1014192102, 2, 79411357),
(493, 593102, 1014192102, 2, 52787215),
(494, 593103, 1014192102, 2, 52787215),
(495, 593060, 1014192102, 2, 79411357),
(496, 593061, 1014192102, 2, 79212967),
(497, 593062, 1014192102, 2, 79212967),
(498, 593104, 1014192102, 2, 79212967),
(499, 593105, 1014192102, 1, 1),
(500, 593106, 1014192102, 2, 79212967),
(501, 593107, 1014192102, 2, 52787215),
(502, 593108, 1014192102, 2, 79632750),
(503, 593144, 1014192102, 1, 1),
(504, 593145, 1014192102, 1, 1),
(505, 593146, 1014192102, 1, 1),
(506, 592373, 1014192102, 2, 79411357),
(507, 592374, 1014192102, 1, 1),
(508, 592375, 1014192102, 2, 79411357),
(509, 592376, 1014192102, 2, 52787215),
(510, 593344, 1014192102, 2, 79411357),
(511, 593345, 1014192102, 2, 79411357),
(512, 593346, 1014192102, 2, 79411357),
(513, 593347, 1014192102, 2, 79411357),
(514, 593243, 1014192102, 2, 39573531),
(515, 593244, 1014192102, 2, 39573531),
(516, 593245, 1014192102, 2, 39573531),
(517, 593246, 1014192102, 2, 39573531),
(518, 593255, 1014192102, 2, 79411357),
(519, 593256, 1014192102, 2, 79411357),
(520, 593257, 1014192102, 2, 79411357),
(521, 593258, 1014192102, 2, 79411357),
(522, 593259, 1014192102, 2, 23779214),
(523, 593340, 1014192102, 2, 23779214),
(524, 593341, 1014192102, 2, 23779214),
(525, 593342, 1014192102, 2, 23779214),
(526, 590803, 1014478149, 1, 1),
(527, 593147, 1014478149, 2, 51985742),
(528, 593148, 1014478149, 2, 51985742),
(529, 593149, 1014478149, 2, 51985742),
(530, 593150, 1014478149, 2, 51985742),
(531, 593343, 1014478149, 2, 79411357),
(532, 593151, 1014478149, 2, 79411357),
(533, 593152, 1014478149, 2, 79411357),
(534, 593153, 1014478149, 2, 79411357),
(535, 593154, 1014478149, 2, 79411357),
(536, 593113, 1014478149, 1, 1),
(537, 593114, 1014478149, 1, 1),
(538, 593115, 1014478149, 2, 1022934514),
(539, 593116, 1014478149, 1, 1),
(540, 593117, 1014478149, 2, 1022934514),
(541, 593118, 1014478149, 1, 1),
(542, 593155, 1014478149, 2, 65779404),
(543, 593156, 1014478149, 2, 65779404),
(544, 593157, 1014478149, 2, 65779404),
(545, 593158, 1014478149, 2, 65779404),
(546, 593119, 1014478149, 2, 80797208),
(547, 593120, 1014478149, 2, 80797208),
(548, 593121, 1014478149, 2, 80797208),
(549, 593122, 1014478149, 2, 80797208),
(550, 593159, 1014478149, 2, 79411357),
(551, 593160, 1014478149, 2, 79411357),
(552, 593161, 1014478149, 2, 79411357),
(553, 593162, 1014478149, 2, 79411357),
(554, 593224, 1014478149, 2, 51796480),
(555, 593225, 1014478149, 2, 51796480),
(556, 593226, 1014478149, 2, 51796480),
(557, 593227, 1014478149, 2, 51796480),
(558, 593235, 1014478149, 2, 3171112),
(559, 593236, 1014478149, 2, 3171112),
(560, 593237, 1014478149, 2, 3171112),
(561, 593238, 1014478149, 2, 3171112),
(562, 593109, 1014478149, 1, 1),
(563, 593110, 1014478149, 1, 1),
(564, 593111, 1014478149, 1, 1),
(565, 593112, 1014478149, 1, 1),
(566, 593100, 1014478149, 1, 1),
(567, 593101, 1014478149, 2, 79411357),
(568, 593102, 1014478149, 2, 52787215),
(569, 593103, 1014478149, 2, 52787215),
(570, 593060, 1014478149, 2, 79411357),
(571, 593061, 1014478149, 2, 79212967),
(572, 593062, 1014478149, 2, 79212967),
(573, 593104, 1014478149, 1, 1),
(574, 593105, 1014478149, 1, 1),
(575, 593106, 1014478149, 1, 1),
(576, 593107, 1014478149, 1, 1),
(577, 593108, 1014478149, 1, 1),
(578, 593144, 1014478149, 1, 1),
(579, 593145, 1014478149, 1, 1),
(580, 593146, 1014478149, 1, 1),
(581, 592373, 1014478149, 2, 79411357),
(582, 592374, 1014478149, 1, 1),
(583, 592375, 1014478149, 2, 79411357),
(584, 592376, 1014478149, 2, 52787215),
(585, 593344, 1014478149, 2, 79411357),
(586, 593345, 1014478149, 2, 79411357),
(587, 593346, 1014478149, 2, 79411357),
(588, 593347, 1014478149, 2, 79411357),
(589, 593243, 1014478149, 2, 39573531),
(590, 593244, 1014478149, 2, 39573531),
(591, 593245, 1014478149, 2, 39573531),
(592, 593246, 1014478149, 2, 39573531),
(593, 593255, 1014478149, 2, 79411357),
(594, 593256, 1014478149, 2, 79411357),
(595, 593257, 1014478149, 2, 79411357),
(596, 593258, 1014478149, 2, 79411357),
(597, 593259, 1014478149, 1, 1),
(598, 593340, 1014478149, 1, 1),
(599, 593341, 1014478149, 1, 1),
(600, 593342, 1014478149, 1, 1),
(601, 590803, 1014738906, 1, 1),
(602, 593147, 1014738906, 1, 1),
(603, 593148, 1014738906, 1, 1),
(604, 593149, 1014738906, 1, 1),
(605, 593150, 1014738906, 1, 1),
(606, 593343, 1014738906, 1, 1),
(607, 593151, 1014738906, 2, 79411357),
(608, 593152, 1014738906, 2, 79411357),
(609, 593153, 1014738906, 2, 79411357),
(610, 593154, 1014738906, 2, 79411357),
(611, 593113, 1014738906, 1, 1),
(612, 593114, 1014738906, 1, 1),
(613, 593115, 1014738906, 1, 1),
(614, 593116, 1014738906, 1, 1),
(615, 593117, 1014738906, 1, 1),
(616, 593118, 1014738906, 1, 1),
(617, 593155, 1014738906, 1, 1),
(618, 593156, 1014738906, 1, 1),
(619, 593157, 1014738906, 1, 1),
(620, 593158, 1014738906, 1, 1),
(621, 593119, 1014738906, 1, 1),
(622, 593120, 1014738906, 1, 1),
(623, 593121, 1014738906, 1, 1),
(624, 593122, 1014738906, 1, 1),
(625, 593159, 1014738906, 2, 79411357),
(626, 593160, 1014738906, 2, 79411357),
(627, 593161, 1014738906, 2, 79411357),
(628, 593162, 1014738906, 2, 79411357),
(629, 593224, 1014738906, 1, 1),
(630, 593225, 1014738906, 1, 1),
(631, 593226, 1014738906, 1, 1),
(632, 593227, 1014738906, 1, 1),
(633, 593235, 1014738906, 1, 1),
(634, 593236, 1014738906, 1, 1),
(635, 593237, 1014738906, 1, 1),
(636, 593238, 1014738906, 1, 1),
(637, 593109, 1014738906, 1, 1),
(638, 593110, 1014738906, 1, 1),
(639, 593111, 1014738906, 1, 1),
(640, 593112, 1014738906, 1, 1),
(641, 593100, 1014738906, 1, 1),
(642, 593101, 1014738906, 2, 79411357),
(643, 593102, 1014738906, 1, 1),
(644, 593103, 1014738906, 1, 1),
(645, 593060, 1014738906, 1, 1),
(646, 593061, 1014738906, 1, 1),
(647, 593062, 1014738906, 1, 1),
(648, 593104, 1014738906, 1, 1),
(649, 593105, 1014738906, 1, 1),
(650, 593106, 1014738906, 1, 1),
(651, 593107, 1014738906, 1, 1),
(652, 593108, 1014738906, 1, 1),
(653, 593144, 1014738906, 1, 1),
(654, 593145, 1014738906, 1, 1),
(655, 593146, 1014738906, 1, 1),
(656, 592373, 1014738906, 2, 79411357),
(657, 592374, 1014738906, 1, 1),
(658, 592375, 1014738906, 1, 1),
(659, 592376, 1014738906, 3, 52787215),
(660, 593344, 1014738906, 1, 1),
(661, 593345, 1014738906, 1, 1),
(662, 593346, 1014738906, 1, 1),
(663, 593347, 1014738906, 1, 1),
(664, 593243, 1014738906, 1, 1),
(665, 593244, 1014738906, 1, 1),
(666, 593245, 1014738906, 1, 1),
(667, 593246, 1014738906, 1, 1),
(668, 593255, 1014738906, 2, 79411357),
(669, 593256, 1014738906, 2, 79411357),
(670, 593257, 1014738906, 2, 79411357),
(671, 593258, 1014738906, 2, 79411357),
(672, 593259, 1014738906, 1, 1),
(673, 593340, 1014738906, 1, 1),
(674, 593341, 1014738906, 1, 1),
(675, 593342, 1014738906, 1, 1),
(676, 590803, 1016714475, 1, 1),
(677, 593147, 1016714475, 2, 51985742),
(678, 593148, 1016714475, 2, 51985742),
(679, 593149, 1016714475, 2, 51985742),
(680, 593150, 1016714475, 2, 51985742),
(681, 593343, 1016714475, 2, 79411357),
(682, 593151, 1016714475, 2, 79411357),
(683, 593152, 1016714475, 2, 79411357),
(684, 593153, 1016714475, 2, 79411357),
(685, 593154, 1016714475, 2, 79411357),
(686, 593113, 1016714475, 1, 1),
(687, 593114, 1016714475, 2, 1022934514),
(688, 593115, 1016714475, 2, 1022934514),
(689, 593116, 1016714475, 1, 1),
(690, 593117, 1016714475, 2, 1022934514),
(691, 593118, 1016714475, 2, 1022934514),
(692, 593155, 1016714475, 2, 65779404),
(693, 593156, 1016714475, 2, 65779404),
(694, 593157, 1016714475, 2, 65779404),
(695, 593158, 1016714475, 2, 65779404),
(696, 593119, 1016714475, 2, 80797208),
(697, 593120, 1016714475, 2, 80797208),
(698, 593121, 1016714475, 2, 80797208),
(699, 593122, 1016714475, 2, 80797208),
(700, 593159, 1016714475, 2, 79411357),
(701, 593160, 1016714475, 2, 79411357),
(702, 593161, 1016714475, 2, 79411357),
(703, 593162, 1016714475, 2, 79411357),
(704, 593224, 1016714475, 2, 51796480),
(705, 593225, 1016714475, 2, 51796480),
(706, 593226, 1016714475, 2, 51796480),
(707, 593227, 1016714475, 2, 51796480),
(708, 593235, 1016714475, 2, 3171112),
(709, 593236, 1016714475, 2, 3171112),
(710, 593237, 1016714475, 2, 3171112),
(711, 593238, 1016714475, 2, 3171112),
(712, 593109, 1016714475, 1, 1),
(713, 593110, 1016714475, 1, 1),
(714, 593111, 1016714475, 1, 1),
(715, 593112, 1016714475, 1, 1),
(716, 593100, 1016714475, 2, 79212967),
(717, 593101, 1016714475, 2, 79411357),
(718, 593102, 1016714475, 2, 52787215),
(719, 593103, 1016714475, 2, 52787215),
(720, 593060, 1016714475, 2, 79411357),
(721, 593061, 1016714475, 2, 79212967),
(722, 593062, 1016714475, 2, 79212967),
(723, 593104, 1016714475, 2, 79212967),
(724, 593105, 1016714475, 1, 1),
(725, 593106, 1016714475, 2, 79212967),
(726, 593107, 1016714475, 2, 52787215),
(727, 593108, 1016714475, 2, 79632750),
(728, 593144, 1016714475, 1, 1),
(729, 593145, 1016714475, 1, 1),
(730, 593146, 1016714475, 1, 1),
(731, 592373, 1016714475, 2, 79411357),
(732, 592374, 1016714475, 1, 1),
(733, 592375, 1016714475, 2, 79411357),
(734, 592376, 1016714475, 2, 52787215),
(735, 593344, 1016714475, 2, 79411357),
(736, 593345, 1016714475, 2, 79411357),
(737, 593346, 1016714475, 2, 79411357),
(738, 593347, 1016714475, 2, 79411357),
(739, 593243, 1016714475, 2, 39573531),
(740, 593244, 1016714475, 2, 39573531),
(741, 593245, 1016714475, 2, 39573531),
(742, 593246, 1016714475, 2, 39573531),
(743, 593255, 1016714475, 2, 79411357),
(744, 593256, 1016714475, 2, 79411357),
(745, 593257, 1016714475, 2, 79411357),
(746, 593258, 1016714475, 2, 79411357),
(747, 593259, 1016714475, 2, 23779214),
(748, 593340, 1016714475, 2, 23779214),
(749, 593341, 1016714475, 2, 23779214),
(750, 593342, 1016714475, 2, 23779214),
(751, 590803, 1016945346, 1, 1),
(752, 593147, 1016945346, 2, 51985742),
(753, 593148, 1016945346, 2, 51985742),
(754, 593149, 1016945346, 2, 51985742),
(755, 593150, 1016945346, 2, 51985742),
(756, 593343, 1016945346, 2, 79411357),
(757, 593151, 1016945346, 2, 79411357),
(758, 593152, 1016945346, 2, 79411357),
(759, 593153, 1016945346, 2, 79411357),
(760, 593154, 1016945346, 2, 79411357),
(761, 593113, 1016945346, 1, 1),
(762, 593114, 1016945346, 2, 1022934514),
(763, 593115, 1016945346, 2, 1022934514),
(764, 593116, 1016945346, 1, 1),
(765, 593117, 1016945346, 2, 1022934514),
(766, 593118, 1016945346, 2, 1022934514),
(767, 593155, 1016945346, 2, 65779404),
(768, 593156, 1016945346, 2, 65779404),
(769, 593157, 1016945346, 2, 65779404),
(770, 593158, 1016945346, 2, 65779404),
(771, 593119, 1016945346, 2, 80797208),
(772, 593120, 1016945346, 2, 80797208),
(773, 593121, 1016945346, 2, 80797208),
(774, 593122, 1016945346, 2, 80797208),
(775, 593159, 1016945346, 2, 79411357),
(776, 593160, 1016945346, 2, 79411357),
(777, 593161, 1016945346, 2, 79411357),
(778, 593162, 1016945346, 2, 79411357),
(779, 593224, 1016945346, 2, 51796480),
(780, 593225, 1016945346, 2, 51796480),
(781, 593226, 1016945346, 2, 51796480),
(782, 593227, 1016945346, 2, 51796480),
(783, 593235, 1016945346, 2, 3171112),
(784, 593236, 1016945346, 2, 3171112),
(785, 593237, 1016945346, 2, 3171112),
(786, 593238, 1016945346, 2, 3171112),
(787, 593109, 1016945346, 1, 1),
(788, 593110, 1016945346, 1, 1),
(789, 593111, 1016945346, 1, 1),
(790, 593112, 1016945346, 1, 1),
(791, 593100, 1016945346, 2, 79212967),
(792, 593101, 1016945346, 2, 79411357),
(793, 593102, 1016945346, 2, 52787215),
(794, 593103, 1016945346, 2, 52787215),
(795, 593060, 1016945346, 2, 79411357),
(796, 593061, 1016945346, 2, 79212967),
(797, 593062, 1016945346, 2, 79212967),
(798, 593104, 1016945346, 2, 79212967),
(799, 593105, 1016945346, 1, 1),
(800, 593106, 1016945346, 2, 79212967),
(801, 593107, 1016945346, 2, 52787215),
(802, 593108, 1016945346, 2, 79632750),
(803, 593144, 1016945346, 1, 1),
(804, 593145, 1016945346, 1, 1),
(805, 593146, 1016945346, 1, 1),
(806, 592373, 1016945346, 2, 79411357),
(807, 592374, 1016945346, 1, 1),
(808, 592375, 1016945346, 2, 79411357),
(809, 592376, 1016945346, 3, 52787215),
(810, 593344, 1016945346, 2, 79411357),
(811, 593345, 1016945346, 2, 79411357),
(812, 593346, 1016945346, 2, 79411357),
(813, 593347, 1016945346, 2, 79411357),
(814, 593243, 1016945346, 2, 39573531),
(815, 593244, 1016945346, 2, 39573531),
(816, 593245, 1016945346, 2, 39573531),
(817, 593246, 1016945346, 2, 39573531),
(818, 593255, 1016945346, 2, 79411357),
(819, 593256, 1016945346, 2, 79411357),
(820, 593257, 1016945346, 2, 79411357),
(821, 593258, 1016945346, 2, 79411357),
(822, 593259, 1016945346, 2, 23779214),
(823, 593340, 1016945346, 2, 23779214),
(824, 593341, 1016945346, 2, 23779214),
(825, 593342, 1016945346, 2, 23779214),
(826, 590803, 1016946665, 1, 1),
(827, 593147, 1016946665, 2, 51985742),
(828, 593148, 1016946665, 2, 51985742),
(829, 593149, 1016946665, 2, 51985742),
(830, 593150, 1016946665, 2, 51985742),
(831, 593343, 1016946665, 2, 79411357),
(832, 593151, 1016946665, 2, 79411357),
(833, 593152, 1016946665, 2, 79411357),
(834, 593153, 1016946665, 2, 79411357),
(835, 593154, 1016946665, 2, 79411357),
(836, 593113, 1016946665, 1, 1),
(837, 593114, 1016946665, 2, 1022934514),
(838, 593115, 1016946665, 2, 1022934514),
(839, 593116, 1016946665, 1, 1),
(840, 593117, 1016946665, 2, 1022934514),
(841, 593118, 1016946665, 2, 1022934514),
(842, 593155, 1016946665, 2, 65779404),
(843, 593156, 1016946665, 2, 65779404),
(844, 593157, 1016946665, 2, 65779404),
(845, 593158, 1016946665, 2, 65779404),
(846, 593119, 1016946665, 2, 80797208),
(847, 593120, 1016946665, 2, 80797208),
(848, 593121, 1016946665, 2, 80797208),
(849, 593122, 1016946665, 2, 80797208),
(850, 593159, 1016946665, 2, 79411357),
(851, 593160, 1016946665, 2, 79411357),
(852, 593161, 1016946665, 2, 79411357),
(853, 593162, 1016946665, 2, 79411357),
(854, 593224, 1016946665, 2, 51796480),
(855, 593225, 1016946665, 2, 51796480),
(856, 593226, 1016946665, 2, 51796480),
(857, 593227, 1016946665, 2, 51796480),
(858, 593235, 1016946665, 2, 3171112),
(859, 593236, 1016946665, 2, 3171112),
(860, 593237, 1016946665, 2, 3171112),
(861, 593238, 1016946665, 2, 3171112),
(862, 593109, 1016946665, 1, 1),
(863, 593110, 1016946665, 1, 1),
(864, 593111, 1016946665, 1, 1),
(865, 593112, 1016946665, 1, 1),
(866, 593100, 1016946665, 2, 79212967),
(867, 593101, 1016946665, 2, 79411357),
(868, 593102, 1016946665, 2, 52787215),
(869, 593103, 1016946665, 2, 52787215),
(870, 593060, 1016946665, 2, 79411357),
(871, 593061, 1016946665, 2, 79212967),
(872, 593062, 1016946665, 2, 79212967),
(873, 593104, 1016946665, 2, 79212967),
(874, 593105, 1016946665, 1, 1),
(875, 593106, 1016946665, 2, 79212967),
(876, 593107, 1016946665, 2, 52787215),
(877, 593108, 1016946665, 2, 79632750),
(878, 593144, 1016946665, 1, 1),
(879, 593145, 1016946665, 1, 1),
(880, 593146, 1016946665, 1, 1),
(881, 592373, 1016946665, 2, 79411357),
(882, 592374, 1016946665, 1, 1),
(883, 592375, 1016946665, 2, 79411357),
(884, 592376, 1016946665, 2, 52787215),
(885, 593344, 1016946665, 2, 79411357),
(886, 593345, 1016946665, 2, 79411357),
(887, 593346, 1016946665, 2, 79411357),
(888, 593347, 1016946665, 2, 79411357),
(889, 593243, 1016946665, 2, 39573531),
(890, 593244, 1016946665, 2, 39573531),
(891, 593245, 1016946665, 2, 39573531),
(892, 593246, 1016946665, 2, 39573531),
(893, 593255, 1016946665, 2, 79411357),
(894, 593256, 1016946665, 2, 79411357),
(895, 593257, 1016946665, 2, 79411357),
(896, 593258, 1016946665, 2, 79411357),
(897, 593259, 1016946665, 2, 23779214),
(898, 593340, 1016946665, 2, 23779214),
(899, 593341, 1016946665, 2, 23779214),
(900, 593342, 1016946665, 2, 23779214),
(901, 590803, 1018411495, 1, 1),
(902, 593147, 1018411495, 2, 51985742),
(903, 593148, 1018411495, 2, 51985742),
(904, 593149, 1018411495, 2, 51985742),
(905, 593150, 1018411495, 2, 51985742),
(906, 593343, 1018411495, 2, 79411357),
(907, 593151, 1018411495, 2, 79411357),
(908, 593152, 1018411495, 2, 79411357),
(909, 593153, 1018411495, 2, 79411357),
(910, 593154, 1018411495, 2, 79411357),
(911, 593113, 1018411495, 1, 1),
(912, 593114, 1018411495, 2, 1022934514),
(913, 593115, 1018411495, 2, 1022934514),
(914, 593116, 1018411495, 1, 1),
(915, 593117, 1018411495, 2, 1022934514),
(916, 593118, 1018411495, 2, 1022934514),
(917, 593155, 1018411495, 2, 65779404),
(918, 593156, 1018411495, 2, 65779404),
(919, 593157, 1018411495, 2, 65779404),
(920, 593158, 1018411495, 2, 65779404),
(921, 593119, 1018411495, 2, 80797208),
(922, 593120, 1018411495, 2, 80797208),
(923, 593121, 1018411495, 2, 80797208),
(924, 593122, 1018411495, 2, 80797208),
(925, 593159, 1018411495, 2, 79411357),
(926, 593160, 1018411495, 2, 79411357),
(927, 593161, 1018411495, 2, 79411357),
(928, 593162, 1018411495, 2, 79411357),
(929, 593224, 1018411495, 2, 51796480),
(930, 593225, 1018411495, 2, 51796480),
(931, 593226, 1018411495, 2, 51796480),
(932, 593227, 1018411495, 2, 51796480),
(933, 593235, 1018411495, 2, 3171112),
(934, 593236, 1018411495, 2, 3171112),
(935, 593237, 1018411495, 2, 3171112),
(936, 593238, 1018411495, 2, 3171112),
(937, 593109, 1018411495, 1, 1),
(938, 593110, 1018411495, 1, 1),
(939, 593111, 1018411495, 1, 1),
(940, 593112, 1018411495, 1, 1),
(941, 593100, 1018411495, 2, 79212967),
(942, 593101, 1018411495, 2, 79411357),
(943, 593102, 1018411495, 2, 52787215),
(944, 593103, 1018411495, 2, 52787215),
(945, 593060, 1018411495, 2, 79411357),
(946, 593061, 1018411495, 2, 79212967),
(947, 593062, 1018411495, 2, 79212967),
(948, 593104, 1018411495, 2, 79212967),
(949, 593105, 1018411495, 1, 1),
(950, 593106, 1018411495, 2, 79212967),
(951, 593107, 1018411495, 2, 52787215),
(952, 593108, 1018411495, 2, 79632750),
(953, 593144, 1018411495, 1, 1),
(954, 593145, 1018411495, 1, 1),
(955, 593146, 1018411495, 1, 1),
(956, 592373, 1018411495, 2, 79411357),
(957, 592374, 1018411495, 1, 1),
(958, 592375, 1018411495, 2, 79411357),
(959, 592376, 1018411495, 2, 52787215),
(960, 593344, 1018411495, 2, 79411357),
(961, 593345, 1018411495, 2, 79411357),
(962, 593346, 1018411495, 2, 79411357),
(963, 593347, 1018411495, 2, 79411357),
(964, 593243, 1018411495, 2, 39573531),
(965, 593244, 1018411495, 2, 39573531),
(966, 593245, 1018411495, 2, 39573531),
(967, 593246, 1018411495, 2, 39573531),
(968, 593255, 1018411495, 2, 79411357),
(969, 593256, 1018411495, 2, 79411357),
(970, 593257, 1018411495, 2, 79411357),
(971, 593258, 1018411495, 2, 79411357),
(972, 593259, 1018411495, 2, 23779214),
(973, 593340, 1018411495, 2, 23779214),
(974, 593341, 1018411495, 2, 23779214),
(975, 593342, 1018411495, 2, 23779214),
(976, 590803, 1019987141, 1, 1),
(977, 593147, 1019987141, 1, 1),
(978, 593148, 1019987141, 1, 1),
(979, 593149, 1019987141, 1, 1),
(980, 593150, 1019987141, 1, 1),
(981, 593343, 1019987141, 2, 79411357),
(982, 593151, 1019987141, 2, 79411357),
(983, 593152, 1019987141, 2, 79411357),
(984, 593153, 1019987141, 2, 79411357),
(985, 593154, 1019987141, 2, 79411357),
(986, 593113, 1019987141, 1, 1),
(987, 593114, 1019987141, 1, 1),
(988, 593115, 1019987141, 1, 1),
(989, 593116, 1019987141, 1, 1),
(990, 593117, 1019987141, 1, 1),
(991, 593118, 1019987141, 1, 1),
(992, 593155, 1019987141, 2, 65779404),
(993, 593156, 1019987141, 2, 65779404),
(994, 593157, 1019987141, 2, 65779404),
(995, 593158, 1019987141, 2, 65779404),
(996, 593119, 1019987141, 1, 1),
(997, 593120, 1019987141, 1, 1),
(998, 593121, 1019987141, 1, 1),
(999, 593122, 1019987141, 1, 1),
(1000, 593159, 1019987141, 2, 79411357),
(1001, 593160, 1019987141, 2, 79411357),
(1002, 593161, 1019987141, 2, 79411357),
(1003, 593162, 1019987141, 2, 79411357),
(1004, 593224, 1019987141, 2, 51796480),
(1005, 593225, 1019987141, 2, 51796480),
(1006, 593226, 1019987141, 2, 51796480),
(1007, 593227, 1019987141, 2, 51796480),
(1008, 593235, 1019987141, 1, 1),
(1009, 593236, 1019987141, 1, 1),
(1010, 593237, 1019987141, 1, 1),
(1011, 593238, 1019987141, 1, 1),
(1012, 593109, 1019987141, 1, 1),
(1013, 593110, 1019987141, 1, 1),
(1014, 593111, 1019987141, 1, 1),
(1015, 593112, 1019987141, 1, 1),
(1016, 593100, 1019987141, 1, 1),
(1017, 593101, 1019987141, 2, 79411357),
(1018, 593102, 1019987141, 1, 1),
(1019, 593103, 1019987141, 1, 1),
(1020, 593060, 1019987141, 2, 79411357),
(1021, 593061, 1019987141, 1, 1),
(1022, 593062, 1019987141, 1, 1),
(1023, 593104, 1019987141, 1, 1),
(1024, 593105, 1019987141, 1, 1),
(1025, 593106, 1019987141, 1, 1),
(1026, 593107, 1019987141, 1, 1),
(1027, 593108, 1019987141, 1, 1),
(1028, 593144, 1019987141, 1, 1),
(1029, 593145, 1019987141, 1, 1),
(1030, 593146, 1019987141, 1, 1),
(1031, 592373, 1019987141, 2, 79411357),
(1032, 592374, 1019987141, 1, 1),
(1033, 592375, 1019987141, 2, 79411357),
(1034, 592376, 1019987141, 2, 52787215),
(1035, 593344, 1019987141, 2, 79411357),
(1036, 593345, 1019987141, 2, 79411357),
(1037, 593346, 1019987141, 2, 79411357),
(1038, 593347, 1019987141, 2, 79411357),
(1039, 593243, 1019987141, 2, 39573531),
(1040, 593244, 1019987141, 2, 39573531),
(1041, 593245, 1019987141, 2, 39573531),
(1042, 593246, 1019987141, 2, 39573531),
(1043, 593255, 1019987141, 2, 79411357),
(1044, 593256, 1019987141, 2, 79411357),
(1045, 593257, 1019987141, 2, 79411357),
(1046, 593258, 1019987141, 2, 79411357),
(1047, 593259, 1019987141, 1, 1),
(1048, 593340, 1019987141, 1, 1),
(1049, 593341, 1019987141, 1, 1),
(1050, 593342, 1019987141, 1, 1),
(1051, 590803, 1021395288, 1, 1),
(1052, 593147, 1021395288, 2, 51985742),
(1053, 593148, 1021395288, 2, 51985742),
(1054, 593149, 1021395288, 2, 51985742),
(1055, 593150, 1021395288, 2, 51985742),
(1056, 593343, 1021395288, 2, 79411357),
(1057, 593151, 1021395288, 2, 79411357),
(1058, 593152, 1021395288, 2, 79411357),
(1059, 593153, 1021395288, 2, 79411357),
(1060, 593154, 1021395288, 2, 79411357),
(1061, 593113, 1021395288, 1, 1),
(1062, 593114, 1021395288, 2, 1022934514),
(1063, 593115, 1021395288, 2, 1022934514),
(1064, 593116, 1021395288, 1, 1),
(1065, 593117, 1021395288, 2, 1022934514),
(1066, 593118, 1021395288, 2, 1022934514),
(1067, 593155, 1021395288, 2, 65779404),
(1068, 593156, 1021395288, 2, 65779404),
(1069, 593157, 1021395288, 2, 65779404),
(1070, 593158, 1021395288, 2, 65779404),
(1071, 593119, 1021395288, 2, 80797208),
(1072, 593120, 1021395288, 2, 80797208),
(1073, 593121, 1021395288, 2, 80797208),
(1074, 593122, 1021395288, 2, 80797208),
(1075, 593159, 1021395288, 2, 79411357),
(1076, 593160, 1021395288, 2, 79411357),
(1077, 593161, 1021395288, 2, 79411357),
(1078, 593162, 1021395288, 2, 79411357),
(1079, 593224, 1021395288, 2, 51796480),
(1080, 593225, 1021395288, 2, 51796480),
(1081, 593226, 1021395288, 2, 51796480),
(1082, 593227, 1021395288, 2, 51796480),
(1083, 593235, 1021395288, 2, 3171112),
(1084, 593236, 1021395288, 2, 3171112),
(1085, 593237, 1021395288, 2, 3171112),
(1086, 593238, 1021395288, 2, 3171112),
(1087, 593109, 1021395288, 1, 1),
(1088, 593110, 1021395288, 1, 1),
(1089, 593111, 1021395288, 1, 1),
(1090, 593112, 1021395288, 1, 1),
(1091, 593100, 1021395288, 2, 79212967),
(1092, 593101, 1021395288, 2, 79411357),
(1093, 593102, 1021395288, 2, 52787215),
(1094, 593103, 1021395288, 2, 52787215),
(1095, 593060, 1021395288, 2, 79411357),
(1096, 593061, 1021395288, 2, 79212967),
(1097, 593062, 1021395288, 2, 79212967),
(1098, 593104, 1021395288, 2, 79212967),
(1099, 593105, 1021395288, 1, 1),
(1100, 593106, 1021395288, 2, 79212967),
(1101, 593107, 1021395288, 2, 52787215),
(1102, 593108, 1021395288, 2, 79632750),
(1103, 593144, 1021395288, 1, 1),
(1104, 593145, 1021395288, 1, 1),
(1105, 593146, 1021395288, 1, 1),
(1106, 592373, 1021395288, 2, 79411357),
(1107, 592374, 1021395288, 1, 1),
(1108, 592375, 1021395288, 2, 79411357),
(1109, 592376, 1021395288, 2, 52787215),
(1110, 593344, 1021395288, 2, 79411357),
(1111, 593345, 1021395288, 2, 79411357),
(1112, 593346, 1021395288, 2, 79411357),
(1113, 593347, 1021395288, 2, 79411357),
(1114, 593243, 1021395288, 2, 39573531),
(1115, 593244, 1021395288, 2, 39573531),
(1116, 593245, 1021395288, 2, 39573531),
(1117, 593246, 1021395288, 2, 39573531),
(1118, 593255, 1021395288, 2, 79411357),
(1119, 593256, 1021395288, 2, 79411357),
(1120, 593257, 1021395288, 2, 79411357),
(1121, 593258, 1021395288, 2, 79411357),
(1122, 593259, 1021395288, 2, 23779214),
(1123, 593340, 1021395288, 2, 23779214),
(1124, 593341, 1021395288, 2, 23779214),
(1125, 593342, 1021395288, 2, 23779214),
(1126, 590803, 1021670224, 1, 1),
(1127, 593147, 1021670224, 2, 51985742),
(1128, 593148, 1021670224, 2, 51985742),
(1129, 593149, 1021670224, 2, 51985742),
(1130, 593150, 1021670224, 2, 51985742),
(1131, 593343, 1021670224, 2, 79411357),
(1132, 593151, 1021670224, 2, 79411357),
(1133, 593152, 1021670224, 2, 79411357),
(1134, 593153, 1021670224, 2, 79411357),
(1135, 593154, 1021670224, 2, 79411357),
(1136, 593113, 1021670224, 1, 1),
(1137, 593114, 1021670224, 2, 1022934514),
(1138, 593115, 1021670224, 2, 1022934514),
(1139, 593116, 1021670224, 1, 1),
(1140, 593117, 1021670224, 2, 1022934514),
(1141, 593118, 1021670224, 2, 1022934514),
(1142, 593155, 1021670224, 2, 65779404),
(1143, 593156, 1021670224, 2, 65779404),
(1144, 593157, 1021670224, 2, 65779404),
(1145, 593158, 1021670224, 2, 65779404),
(1146, 593119, 1021670224, 2, 80797208),
(1147, 593120, 1021670224, 2, 80797208),
(1148, 593121, 1021670224, 2, 80797208),
(1149, 593122, 1021670224, 2, 80797208),
(1150, 593159, 1021670224, 2, 79411357),
(1151, 593160, 1021670224, 2, 79411357),
(1152, 593161, 1021670224, 2, 79411357),
(1153, 593162, 1021670224, 2, 79411357),
(1154, 593224, 1021670224, 2, 51796480),
(1155, 593225, 1021670224, 2, 51796480),
(1156, 593226, 1021670224, 2, 51796480),
(1157, 593227, 1021670224, 2, 51796480),
(1158, 593235, 1021670224, 2, 3171112),
(1159, 593236, 1021670224, 2, 3171112),
(1160, 593237, 1021670224, 2, 3171112),
(1161, 593238, 1021670224, 2, 3171112),
(1162, 593109, 1021670224, 1, 1),
(1163, 593110, 1021670224, 1, 1),
(1164, 593111, 1021670224, 1, 1),
(1165, 593112, 1021670224, 1, 1),
(1166, 593100, 1021670224, 2, 79212967),
(1167, 593101, 1021670224, 2, 79411357),
(1168, 593102, 1021670224, 2, 52787215),
(1169, 593103, 1021670224, 2, 52787215),
(1170, 593060, 1021670224, 2, 79411357),
(1171, 593061, 1021670224, 2, 79212967),
(1172, 593062, 1021670224, 2, 79212967),
(1173, 593104, 1021670224, 2, 79212967),
(1174, 593105, 1021670224, 1, 1),
(1175, 593106, 1021670224, 2, 79212967),
(1176, 593107, 1021670224, 2, 52787215),
(1177, 593108, 1021670224, 2, 79632750),
(1178, 593144, 1021670224, 1, 1),
(1179, 593145, 1021670224, 1, 1),
(1180, 593146, 1021670224, 1, 1),
(1181, 592373, 1021670224, 2, 79411357),
(1182, 592374, 1021670224, 1, 1),
(1183, 592375, 1021670224, 2, 79411357),
(1184, 592376, 1021670224, 2, 52787215),
(1185, 593344, 1021670224, 2, 79411357),
(1186, 593345, 1021670224, 2, 79411357),
(1187, 593346, 1021670224, 2, 79411357),
(1188, 593347, 1021670224, 2, 79411357),
(1189, 593243, 1021670224, 2, 39573531),
(1190, 593244, 1021670224, 2, 39573531),
(1191, 593245, 1021670224, 2, 39573531),
(1192, 593246, 1021670224, 2, 39573531),
(1193, 593255, 1021670224, 2, 79411357),
(1194, 593256, 1021670224, 2, 79411357),
(1195, 593257, 1021670224, 2, 79411357),
(1196, 593258, 1021670224, 2, 79411357),
(1197, 593259, 1021670224, 2, 23779214),
(1198, 593340, 1021670224, 2, 23779214),
(1199, 593341, 1021670224, 2, 23779214),
(1200, 593342, 1021670224, 2, 23779214),
(1201, 590803, 1021670576, 1, 1),
(1202, 593147, 1021670576, 2, 51985742),
(1203, 593148, 1021670576, 2, 51985742),
(1204, 593149, 1021670576, 2, 51985742),
(1205, 593150, 1021670576, 2, 51985742),
(1206, 593343, 1021670576, 2, 79411357),
(1207, 593151, 1021670576, 2, 79411357),
(1208, 593152, 1021670576, 2, 79411357),
(1209, 593153, 1021670576, 2, 79411357),
(1210, 593154, 1021670576, 2, 79411357),
(1211, 593113, 1021670576, 1, 1),
(1212, 593114, 1021670576, 2, 1022934514),
(1213, 593115, 1021670576, 2, 1022934514),
(1214, 593116, 1021670576, 1, 1),
(1215, 593117, 1021670576, 2, 1022934514),
(1216, 593118, 1021670576, 2, 1022934514),
(1217, 593155, 1021670576, 2, 65779404),
(1218, 593156, 1021670576, 2, 65779404),
(1219, 593157, 1021670576, 2, 65779404),
(1220, 593158, 1021670576, 2, 65779404),
(1221, 593119, 1021670576, 2, 80797208),
(1222, 593120, 1021670576, 2, 80797208),
(1223, 593121, 1021670576, 2, 80797208),
(1224, 593122, 1021670576, 2, 80797208),
(1225, 593159, 1021670576, 2, 79411357),
(1226, 593160, 1021670576, 2, 79411357),
(1227, 593161, 1021670576, 2, 79411357),
(1228, 593162, 1021670576, 2, 79411357),
(1229, 593224, 1021670576, 2, 51796480),
(1230, 593225, 1021670576, 2, 51796480),
(1231, 593226, 1021670576, 2, 51796480),
(1232, 593227, 1021670576, 2, 51796480),
(1233, 593235, 1021670576, 2, 3171112),
(1234, 593236, 1021670576, 2, 3171112),
(1235, 593237, 1021670576, 2, 3171112),
(1236, 593238, 1021670576, 2, 3171112),
(1237, 593109, 1021670576, 1, 1),
(1238, 593110, 1021670576, 1, 1),
(1239, 593111, 1021670576, 1, 1),
(1240, 593112, 1021670576, 1, 1),
(1241, 593100, 1021670576, 2, 79212967),
(1242, 593101, 1021670576, 2, 79411357),
(1243, 593102, 1021670576, 2, 52787215),
(1244, 593103, 1021670576, 2, 52787215),
(1245, 593060, 1021670576, 2, 79411357),
(1246, 593061, 1021670576, 2, 79212967),
(1247, 593062, 1021670576, 2, 79212967),
(1248, 593104, 1021670576, 2, 79212967),
(1249, 593105, 1021670576, 1, 1),
(1250, 593106, 1021670576, 2, 79212967),
(1251, 593107, 1021670576, 2, 52787215),
(1252, 593108, 1021670576, 2, 79632750),
(1253, 593144, 1021670576, 1, 1),
(1254, 593145, 1021670576, 1, 1),
(1255, 593146, 1021670576, 1, 1),
(1256, 592373, 1021670576, 2, 79411357),
(1257, 592374, 1021670576, 1, 1),
(1258, 592375, 1021670576, 2, 79411357),
(1259, 592376, 1021670576, 2, 52787215),
(1260, 593344, 1021670576, 2, 79411357),
(1261, 593345, 1021670576, 2, 79411357),
(1262, 593346, 1021670576, 2, 79411357),
(1263, 593347, 1021670576, 2, 79411357),
(1264, 593243, 1021670576, 2, 39573531),
(1265, 593244, 1021670576, 2, 39573531),
(1266, 593245, 1021670576, 2, 39573531),
(1267, 593246, 1021670576, 2, 39573531),
(1268, 593255, 1021670576, 2, 79411357),
(1269, 593256, 1021670576, 2, 79411357),
(1270, 593257, 1021670576, 2, 79411357),
(1271, 593258, 1021670576, 2, 79411357),
(1272, 593259, 1021670576, 2, 23779214),
(1273, 593340, 1021670576, 2, 23779214),
(1274, 593341, 1021670576, 2, 23779214),
(1275, 593342, 1021670576, 2, 23779214),
(1276, 590803, 1022927663, 1, 1),
(1277, 593147, 1022927663, 2, 51985742),
(1278, 593148, 1022927663, 2, 51985742),
(1279, 593149, 1022927663, 2, 51985742),
(1280, 593150, 1022927663, 2, 51985742),
(1281, 593343, 1022927663, 2, 79411357),
(1282, 593151, 1022927663, 2, 79411357),
(1283, 593152, 1022927663, 2, 79411357),
(1284, 593153, 1022927663, 2, 79411357),
(1285, 593154, 1022927663, 2, 79411357),
(1286, 593113, 1022927663, 1, 1),
(1287, 593114, 1022927663, 2, 1022934514),
(1288, 593115, 1022927663, 2, 1022934514),
(1289, 593116, 1022927663, 1, 1),
(1290, 593117, 1022927663, 2, 1022934514),
(1291, 593118, 1022927663, 2, 1022934514),
(1292, 593155, 1022927663, 2, 65779404),
(1293, 593156, 1022927663, 2, 65779404),
(1294, 593157, 1022927663, 2, 65779404),
(1295, 593158, 1022927663, 2, 65779404),
(1296, 593119, 1022927663, 2, 80797208),
(1297, 593120, 1022927663, 2, 80797208),
(1298, 593121, 1022927663, 2, 80797208),
(1299, 593122, 1022927663, 2, 80797208),
(1300, 593159, 1022927663, 2, 79411357),
(1301, 593160, 1022927663, 2, 79411357),
(1302, 593161, 1022927663, 2, 79411357),
(1303, 593162, 1022927663, 2, 79411357),
(1304, 593224, 1022927663, 2, 51796480),
(1305, 593225, 1022927663, 2, 51796480),
(1306, 593226, 1022927663, 2, 51796480),
(1307, 593227, 1022927663, 2, 51796480),
(1308, 593235, 1022927663, 2, 3171112),
(1309, 593236, 1022927663, 2, 3171112),
(1310, 593237, 1022927663, 2, 3171112),
(1311, 593238, 1022927663, 2, 3171112),
(1312, 593109, 1022927663, 1, 1),
(1313, 593110, 1022927663, 1, 1),
(1314, 593111, 1022927663, 1, 1),
(1315, 593112, 1022927663, 1, 1),
(1316, 593100, 1022927663, 2, 79212967),
(1317, 593101, 1022927663, 2, 79411357),
(1318, 593102, 1022927663, 2, 52787215),
(1319, 593103, 1022927663, 2, 52787215),
(1320, 593060, 1022927663, 2, 79411357),
(1321, 593061, 1022927663, 2, 79212967),
(1322, 593062, 1022927663, 2, 79212967),
(1323, 593104, 1022927663, 2, 79212967),
(1324, 593105, 1022927663, 1, 1),
(1325, 593106, 1022927663, 2, 79212967),
(1326, 593107, 1022927663, 2, 52787215),
(1327, 593108, 1022927663, 2, 79632750),
(1328, 593144, 1022927663, 1, 1),
(1329, 593145, 1022927663, 1, 1),
(1330, 593146, 1022927663, 1, 1),
(1331, 592373, 1022927663, 2, 79411357),
(1332, 592374, 1022927663, 1, 1),
(1333, 592375, 1022927663, 2, 79411357),
(1334, 592376, 1022927663, 2, 52787215),
(1335, 593344, 1022927663, 2, 79411357),
(1336, 593345, 1022927663, 2, 79411357),
(1337, 593346, 1022927663, 2, 79411357),
(1338, 593347, 1022927663, 2, 79411357),
(1339, 593243, 1022927663, 2, 39573531),
(1340, 593244, 1022927663, 2, 39573531),
(1341, 593245, 1022927663, 2, 39573531),
(1342, 593246, 1022927663, 2, 39573531),
(1343, 593255, 1022927663, 2, 79411357),
(1344, 593256, 1022927663, 2, 79411357),
(1345, 593257, 1022927663, 2, 79411357),
(1346, 593258, 1022927663, 2, 79411357),
(1347, 593259, 1022927663, 2, 23779214),
(1348, 593340, 1022927663, 2, 23779214),
(1349, 593341, 1022927663, 2, 23779214),
(1350, 593342, 1022927663, 2, 23779214),
(1351, 590803, 1022931165, 1, 1),
(1352, 593147, 1022931165, 2, 51985742),
(1353, 593148, 1022931165, 2, 51985742),
(1354, 593149, 1022931165, 2, 51985742),
(1355, 593150, 1022931165, 2, 51985742),
(1356, 593343, 1022931165, 2, 79411357),
(1357, 593151, 1022931165, 2, 79411357),
(1358, 593152, 1022931165, 2, 79411357),
(1359, 593153, 1022931165, 2, 79411357),
(1360, 593154, 1022931165, 2, 79411357),
(1361, 593113, 1022931165, 1, 1);
INSERT INTO `juicios` (`id_juicio`, `id_resultado`, `id_aprendiz`, `id_evaluacion`, `id_instructor`) VALUES
(1362, 593114, 1022931165, 2, 1022934514),
(1363, 593115, 1022931165, 2, 1022934514),
(1364, 593116, 1022931165, 1, 1),
(1365, 593117, 1022931165, 2, 1022934514),
(1366, 593118, 1022931165, 2, 1022934514),
(1367, 593155, 1022931165, 2, 65779404),
(1368, 593156, 1022931165, 2, 65779404),
(1369, 593157, 1022931165, 2, 65779404),
(1370, 593158, 1022931165, 2, 65779404),
(1371, 593119, 1022931165, 2, 80797208),
(1372, 593120, 1022931165, 2, 80797208),
(1373, 593121, 1022931165, 2, 80797208),
(1374, 593122, 1022931165, 2, 80797208),
(1375, 593159, 1022931165, 2, 79411357),
(1376, 593160, 1022931165, 2, 79411357),
(1377, 593161, 1022931165, 2, 79411357),
(1378, 593162, 1022931165, 2, 79411357),
(1379, 593224, 1022931165, 2, 51796480),
(1380, 593225, 1022931165, 2, 51796480),
(1381, 593226, 1022931165, 2, 51796480),
(1382, 593227, 1022931165, 2, 51796480),
(1383, 593235, 1022931165, 2, 3171112),
(1384, 593236, 1022931165, 2, 3171112),
(1385, 593237, 1022931165, 2, 3171112),
(1386, 593238, 1022931165, 2, 3171112),
(1387, 593109, 1022931165, 1, 1),
(1388, 593110, 1022931165, 1, 1),
(1389, 593111, 1022931165, 1, 1),
(1390, 593112, 1022931165, 1, 1),
(1391, 593100, 1022931165, 2, 79212967),
(1392, 593101, 1022931165, 2, 79411357),
(1393, 593102, 1022931165, 2, 52787215),
(1394, 593103, 1022931165, 2, 52787215),
(1395, 593060, 1022931165, 2, 79411357),
(1396, 593061, 1022931165, 2, 79212967),
(1397, 593062, 1022931165, 2, 79212967),
(1398, 593104, 1022931165, 2, 79212967),
(1399, 593105, 1022931165, 1, 1),
(1400, 593106, 1022931165, 2, 79212967),
(1401, 593107, 1022931165, 2, 52787215),
(1402, 593108, 1022931165, 2, 79632750),
(1403, 593144, 1022931165, 1, 1),
(1404, 593145, 1022931165, 1, 1),
(1405, 593146, 1022931165, 1, 1),
(1406, 592373, 1022931165, 2, 79411357),
(1407, 592374, 1022931165, 1, 1),
(1408, 592375, 1022931165, 2, 79411357),
(1409, 592376, 1022931165, 2, 52787215),
(1410, 593344, 1022931165, 2, 79411357),
(1411, 593345, 1022931165, 2, 79411357),
(1412, 593346, 1022931165, 2, 79411357),
(1413, 593347, 1022931165, 2, 79411357),
(1414, 593243, 1022931165, 2, 39573531),
(1415, 593244, 1022931165, 2, 39573531),
(1416, 593245, 1022931165, 2, 39573531),
(1417, 593246, 1022931165, 2, 39573531),
(1418, 593255, 1022931165, 2, 79411357),
(1419, 593256, 1022931165, 2, 79411357),
(1420, 593257, 1022931165, 2, 79411357),
(1421, 593258, 1022931165, 2, 79411357),
(1422, 593259, 1022931165, 2, 23779214),
(1423, 593340, 1022931165, 2, 23779214),
(1424, 593341, 1022931165, 2, 23779214),
(1425, 593342, 1022931165, 2, 23779214),
(1426, 590803, 1022934555, 1, 1),
(1427, 593147, 1022934555, 2, 51985742),
(1428, 593148, 1022934555, 2, 51985742),
(1429, 593149, 1022934555, 2, 51985742),
(1430, 593150, 1022934555, 2, 51985742),
(1431, 593343, 1022934555, 2, 79411357),
(1432, 593151, 1022934555, 2, 79411357),
(1433, 593152, 1022934555, 2, 79411357),
(1434, 593153, 1022934555, 2, 79411357),
(1435, 593154, 1022934555, 2, 79411357),
(1436, 593113, 1022934555, 1, 1),
(1437, 593114, 1022934555, 2, 1022934514),
(1438, 593115, 1022934555, 2, 1022934514),
(1439, 593116, 1022934555, 1, 1),
(1440, 593117, 1022934555, 2, 1022934514),
(1441, 593118, 1022934555, 2, 1022934514),
(1442, 593155, 1022934555, 2, 65779404),
(1443, 593156, 1022934555, 2, 65779404),
(1444, 593157, 1022934555, 2, 65779404),
(1445, 593158, 1022934555, 2, 65779404),
(1446, 593119, 1022934555, 2, 80797208),
(1447, 593120, 1022934555, 2, 80797208),
(1448, 593121, 1022934555, 2, 80797208),
(1449, 593122, 1022934555, 2, 80797208),
(1450, 593159, 1022934555, 2, 79411357),
(1451, 593160, 1022934555, 2, 79411357),
(1452, 593161, 1022934555, 2, 79411357),
(1453, 593162, 1022934555, 2, 79411357),
(1454, 593224, 1022934555, 2, 51796480),
(1455, 593225, 1022934555, 2, 51796480),
(1456, 593226, 1022934555, 2, 51796480),
(1457, 593227, 1022934555, 2, 51796480),
(1458, 593235, 1022934555, 2, 3171112),
(1459, 593236, 1022934555, 2, 3171112),
(1460, 593237, 1022934555, 2, 3171112),
(1461, 593238, 1022934555, 2, 3171112),
(1462, 593109, 1022934555, 1, 1),
(1463, 593110, 1022934555, 1, 1),
(1464, 593111, 1022934555, 1, 1),
(1465, 593112, 1022934555, 1, 1),
(1466, 593100, 1022934555, 2, 79212967),
(1467, 593101, 1022934555, 2, 79411357),
(1468, 593102, 1022934555, 2, 52787215),
(1469, 593103, 1022934555, 2, 52787215),
(1470, 593060, 1022934555, 2, 79411357),
(1471, 593061, 1022934555, 2, 79212967),
(1472, 593062, 1022934555, 2, 79212967),
(1473, 593104, 1022934555, 2, 79212967),
(1474, 593105, 1022934555, 1, 1),
(1475, 593106, 1022934555, 2, 79212967),
(1476, 593107, 1022934555, 2, 52787215),
(1477, 593108, 1022934555, 2, 79632750),
(1478, 593144, 1022934555, 1, 1),
(1479, 593145, 1022934555, 1, 1),
(1480, 593146, 1022934555, 1, 1),
(1481, 592373, 1022934555, 2, 79411357),
(1482, 592374, 1022934555, 1, 1),
(1483, 592375, 1022934555, 2, 79411357),
(1484, 592376, 1022934555, 2, 52787215),
(1485, 593344, 1022934555, 2, 79411357),
(1486, 593345, 1022934555, 2, 79411357),
(1487, 593346, 1022934555, 2, 79411357),
(1488, 593347, 1022934555, 2, 79411357),
(1489, 593243, 1022934555, 2, 39573531),
(1490, 593244, 1022934555, 2, 39573531),
(1491, 593245, 1022934555, 2, 39573531),
(1492, 593246, 1022934555, 2, 39573531),
(1493, 593255, 1022934555, 2, 79411357),
(1494, 593256, 1022934555, 2, 79411357),
(1495, 593257, 1022934555, 2, 79411357),
(1496, 593258, 1022934555, 2, 79411357),
(1497, 593259, 1022934555, 2, 23779214),
(1498, 593340, 1022934555, 2, 23779214),
(1499, 593341, 1022934555, 2, 23779214),
(1500, 593342, 1022934555, 2, 23779214),
(1501, 590803, 1022935120, 1, 1),
(1502, 593147, 1022935120, 2, 51985742),
(1503, 593148, 1022935120, 2, 51985742),
(1504, 593149, 1022935120, 2, 51985742),
(1505, 593150, 1022935120, 2, 51985742),
(1506, 593343, 1022935120, 2, 79411357),
(1507, 593151, 1022935120, 2, 79411357),
(1508, 593152, 1022935120, 2, 79411357),
(1509, 593153, 1022935120, 2, 79411357),
(1510, 593154, 1022935120, 2, 79411357),
(1511, 593113, 1022935120, 1, 1),
(1512, 593114, 1022935120, 2, 1022934514),
(1513, 593115, 1022935120, 2, 1022934514),
(1514, 593116, 1022935120, 1, 1),
(1515, 593117, 1022935120, 2, 1022934514),
(1516, 593118, 1022935120, 2, 1022934514),
(1517, 593155, 1022935120, 2, 65779404),
(1518, 593156, 1022935120, 2, 65779404),
(1519, 593157, 1022935120, 2, 65779404),
(1520, 593158, 1022935120, 2, 65779404),
(1521, 593119, 1022935120, 2, 80797208),
(1522, 593120, 1022935120, 2, 80797208),
(1523, 593121, 1022935120, 2, 80797208),
(1524, 593122, 1022935120, 2, 80797208),
(1525, 593159, 1022935120, 2, 79411357),
(1526, 593160, 1022935120, 2, 79411357),
(1527, 593161, 1022935120, 2, 79411357),
(1528, 593162, 1022935120, 2, 79411357),
(1529, 593224, 1022935120, 2, 51796480),
(1530, 593225, 1022935120, 2, 51796480),
(1531, 593226, 1022935120, 2, 51796480),
(1532, 593227, 1022935120, 2, 51796480),
(1533, 593235, 1022935120, 2, 3171112),
(1534, 593236, 1022935120, 2, 3171112),
(1535, 593237, 1022935120, 2, 3171112),
(1536, 593238, 1022935120, 2, 3171112),
(1537, 593109, 1022935120, 1, 1),
(1538, 593110, 1022935120, 1, 1),
(1539, 593111, 1022935120, 1, 1),
(1540, 593112, 1022935120, 1, 1),
(1541, 593100, 1022935120, 2, 79212967),
(1542, 593101, 1022935120, 2, 79411357),
(1543, 593102, 1022935120, 2, 52787215),
(1544, 593103, 1022935120, 2, 52787215),
(1545, 593060, 1022935120, 2, 79411357),
(1546, 593061, 1022935120, 2, 79212967),
(1547, 593062, 1022935120, 2, 79212967),
(1548, 593104, 1022935120, 2, 79212967),
(1549, 593105, 1022935120, 1, 1),
(1550, 593106, 1022935120, 2, 79212967),
(1551, 593107, 1022935120, 2, 52787215),
(1552, 593108, 1022935120, 2, 79632750),
(1553, 593144, 1022935120, 1, 1),
(1554, 593145, 1022935120, 1, 1),
(1555, 593146, 1022935120, 1, 1),
(1556, 592373, 1022935120, 2, 79411357),
(1557, 592374, 1022935120, 1, 1),
(1558, 592375, 1022935120, 2, 79411357),
(1559, 592376, 1022935120, 2, 52787215),
(1560, 593344, 1022935120, 2, 79411357),
(1561, 593345, 1022935120, 2, 79411357),
(1562, 593346, 1022935120, 2, 79411357),
(1563, 593347, 1022935120, 2, 79411357),
(1564, 593243, 1022935120, 2, 39573531),
(1565, 593244, 1022935120, 2, 39573531),
(1566, 593245, 1022935120, 2, 39573531),
(1567, 593246, 1022935120, 2, 39573531),
(1568, 593255, 1022935120, 2, 79411357),
(1569, 593256, 1022935120, 2, 79411357),
(1570, 593257, 1022935120, 2, 79411357),
(1571, 593258, 1022935120, 2, 79411357),
(1572, 593259, 1022935120, 2, 23779214),
(1573, 593340, 1022935120, 2, 23779214),
(1574, 593341, 1022935120, 2, 23779214),
(1575, 593342, 1022935120, 2, 23779214),
(1576, 590803, 1022937035, 1, 1),
(1577, 593147, 1022937035, 1, 1),
(1578, 593148, 1022937035, 1, 1),
(1579, 593149, 1022937035, 1, 1),
(1580, 593150, 1022937035, 1, 1),
(1581, 593343, 1022937035, 1, 1),
(1582, 593151, 1022937035, 2, 79411357),
(1583, 593152, 1022937035, 2, 79411357),
(1584, 593153, 1022937035, 2, 79411357),
(1585, 593154, 1022937035, 2, 79411357),
(1586, 593113, 1022937035, 1, 1),
(1587, 593114, 1022937035, 1, 1),
(1588, 593115, 1022937035, 1, 1),
(1589, 593116, 1022937035, 1, 1),
(1590, 593117, 1022937035, 1, 1),
(1591, 593118, 1022937035, 1, 1),
(1592, 593155, 1022937035, 1, 1),
(1593, 593156, 1022937035, 1, 1),
(1594, 593157, 1022937035, 1, 1),
(1595, 593158, 1022937035, 1, 1),
(1596, 593119, 1022937035, 2, 80797208),
(1597, 593120, 1022937035, 2, 80797208),
(1598, 593121, 1022937035, 2, 80797208),
(1599, 593122, 1022937035, 2, 80797208),
(1600, 593159, 1022937035, 2, 79411357),
(1601, 593160, 1022937035, 2, 79411357),
(1602, 593161, 1022937035, 2, 79411357),
(1603, 593162, 1022937035, 2, 79411357),
(1604, 593224, 1022937035, 1, 1),
(1605, 593225, 1022937035, 1, 1),
(1606, 593226, 1022937035, 1, 1),
(1607, 593227, 1022937035, 1, 1),
(1608, 593235, 1022937035, 1, 1),
(1609, 593236, 1022937035, 1, 1),
(1610, 593237, 1022937035, 1, 1),
(1611, 593238, 1022937035, 1, 1),
(1612, 593109, 1022937035, 1, 1),
(1613, 593110, 1022937035, 1, 1),
(1614, 593111, 1022937035, 1, 1),
(1615, 593112, 1022937035, 1, 1),
(1616, 593100, 1022937035, 1, 1),
(1617, 593101, 1022937035, 2, 79411357),
(1618, 593102, 1022937035, 1, 1),
(1619, 593103, 1022937035, 1, 1),
(1620, 593060, 1022937035, 1, 1),
(1621, 593061, 1022937035, 1, 1),
(1622, 593062, 1022937035, 1, 1),
(1623, 593104, 1022937035, 1, 1),
(1624, 593105, 1022937035, 1, 1),
(1625, 593106, 1022937035, 1, 1),
(1626, 593107, 1022937035, 1, 1),
(1627, 593108, 1022937035, 1, 1),
(1628, 593144, 1022937035, 1, 1),
(1629, 593145, 1022937035, 1, 1),
(1630, 593146, 1022937035, 1, 1),
(1631, 592373, 1022937035, 2, 79411357),
(1632, 592374, 1022937035, 1, 1),
(1633, 592375, 1022937035, 1, 1),
(1634, 592376, 1022937035, 2, 52787215),
(1635, 593344, 1022937035, 1, 1),
(1636, 593345, 1022937035, 1, 1),
(1637, 593346, 1022937035, 1, 1),
(1638, 593347, 1022937035, 1, 1),
(1639, 593243, 1022937035, 1, 1),
(1640, 593244, 1022937035, 1, 1),
(1641, 593245, 1022937035, 1, 1),
(1642, 593246, 1022937035, 1, 1),
(1643, 593255, 1022937035, 2, 79411357),
(1644, 593256, 1022937035, 2, 79411357),
(1645, 593257, 1022937035, 2, 79411357),
(1646, 593258, 1022937035, 2, 79411357),
(1647, 593259, 1022937035, 1, 1),
(1648, 593340, 1022937035, 1, 1),
(1649, 593341, 1022937035, 1, 1),
(1650, 593342, 1022937035, 1, 1),
(1651, 590803, 1023884019, 1, 1),
(1652, 593147, 1023884019, 2, 51985742),
(1653, 593148, 1023884019, 2, 51985742),
(1654, 593149, 1023884019, 2, 51985742),
(1655, 593150, 1023884019, 2, 51985742),
(1656, 593343, 1023884019, 2, 79411357),
(1657, 593151, 1023884019, 2, 79411357),
(1658, 593152, 1023884019, 2, 79411357),
(1659, 593153, 1023884019, 2, 79411357),
(1660, 593154, 1023884019, 2, 79411357),
(1661, 593113, 1023884019, 1, 1),
(1662, 593114, 1023884019, 2, 1022934514),
(1663, 593115, 1023884019, 2, 1022934514),
(1664, 593116, 1023884019, 1, 1),
(1665, 593117, 1023884019, 2, 1022934514),
(1666, 593118, 1023884019, 2, 1022934514),
(1667, 593155, 1023884019, 2, 65779404),
(1668, 593156, 1023884019, 2, 65779404),
(1669, 593157, 1023884019, 2, 65779404),
(1670, 593158, 1023884019, 2, 65779404),
(1671, 593119, 1023884019, 2, 80797208),
(1672, 593120, 1023884019, 2, 80797208),
(1673, 593121, 1023884019, 2, 80797208),
(1674, 593122, 1023884019, 2, 80797208),
(1675, 593159, 1023884019, 2, 79411357),
(1676, 593160, 1023884019, 2, 79411357),
(1677, 593161, 1023884019, 2, 79411357),
(1678, 593162, 1023884019, 2, 79411357),
(1679, 593224, 1023884019, 2, 51796480),
(1680, 593225, 1023884019, 2, 51796480),
(1681, 593226, 1023884019, 2, 51796480),
(1682, 593227, 1023884019, 2, 51796480),
(1683, 593235, 1023884019, 2, 3171112),
(1684, 593236, 1023884019, 2, 3171112),
(1685, 593237, 1023884019, 2, 3171112),
(1686, 593238, 1023884019, 2, 3171112),
(1687, 593109, 1023884019, 1, 1),
(1688, 593110, 1023884019, 1, 1),
(1689, 593111, 1023884019, 1, 1),
(1690, 593112, 1023884019, 1, 1),
(1691, 593100, 1023884019, 2, 79212967),
(1692, 593101, 1023884019, 2, 79411357),
(1693, 593102, 1023884019, 2, 52787215),
(1694, 593103, 1023884019, 2, 52787215),
(1695, 593060, 1023884019, 2, 79411357),
(1696, 593061, 1023884019, 2, 79212967),
(1697, 593062, 1023884019, 2, 79212967),
(1698, 593104, 1023884019, 2, 79212967),
(1699, 593105, 1023884019, 1, 1),
(1700, 593106, 1023884019, 2, 79212967),
(1701, 593107, 1023884019, 2, 52787215),
(1702, 593108, 1023884019, 2, 79632750),
(1703, 593144, 1023884019, 1, 1),
(1704, 593145, 1023884019, 1, 1),
(1705, 593146, 1023884019, 1, 1),
(1706, 592373, 1023884019, 2, 79411357),
(1707, 592374, 1023884019, 1, 1),
(1708, 592375, 1023884019, 2, 79411357),
(1709, 592376, 1023884019, 2, 52787215),
(1710, 593344, 1023884019, 2, 79411357),
(1711, 593345, 1023884019, 2, 79411357),
(1712, 593346, 1023884019, 2, 79411357),
(1713, 593347, 1023884019, 2, 79411357),
(1714, 593243, 1023884019, 2, 39573531),
(1715, 593244, 1023884019, 2, 39573531),
(1716, 593245, 1023884019, 2, 39573531),
(1717, 593246, 1023884019, 2, 39573531),
(1718, 593255, 1023884019, 2, 79411357),
(1719, 593256, 1023884019, 2, 79411357),
(1720, 593257, 1023884019, 2, 79411357),
(1721, 593258, 1023884019, 2, 79411357),
(1722, 593259, 1023884019, 2, 23779214),
(1723, 593340, 1023884019, 2, 23779214),
(1724, 593341, 1023884019, 2, 23779214),
(1725, 593342, 1023884019, 2, 23779214),
(1726, 590803, 1025142412, 1, 1),
(1727, 593147, 1025142412, 2, 51985742),
(1728, 593148, 1025142412, 2, 51985742),
(1729, 593149, 1025142412, 2, 51985742),
(1730, 593150, 1025142412, 2, 51985742),
(1731, 593343, 1025142412, 2, 79411357),
(1732, 593151, 1025142412, 2, 79411357),
(1733, 593152, 1025142412, 2, 79411357),
(1734, 593153, 1025142412, 2, 79411357),
(1735, 593154, 1025142412, 2, 79411357),
(1736, 593113, 1025142412, 1, 1),
(1737, 593114, 1025142412, 2, 1022934514),
(1738, 593115, 1025142412, 2, 1022934514),
(1739, 593116, 1025142412, 1, 1),
(1740, 593117, 1025142412, 2, 1022934514),
(1741, 593118, 1025142412, 2, 1022934514),
(1742, 593155, 1025142412, 2, 65779404),
(1743, 593156, 1025142412, 2, 65779404),
(1744, 593157, 1025142412, 2, 65779404),
(1745, 593158, 1025142412, 2, 65779404),
(1746, 593119, 1025142412, 2, 80797208),
(1747, 593120, 1025142412, 2, 80797208),
(1748, 593121, 1025142412, 2, 80797208),
(1749, 593122, 1025142412, 2, 80797208),
(1750, 593159, 1025142412, 2, 79411357),
(1751, 593160, 1025142412, 2, 79411357),
(1752, 593161, 1025142412, 2, 79411357),
(1753, 593162, 1025142412, 2, 79411357),
(1754, 593224, 1025142412, 2, 51796480),
(1755, 593225, 1025142412, 2, 51796480),
(1756, 593226, 1025142412, 2, 51796480),
(1757, 593227, 1025142412, 2, 51796480),
(1758, 593235, 1025142412, 2, 3171112),
(1759, 593236, 1025142412, 2, 3171112),
(1760, 593237, 1025142412, 2, 3171112),
(1761, 593238, 1025142412, 2, 3171112),
(1762, 593109, 1025142412, 1, 1),
(1763, 593110, 1025142412, 1, 1),
(1764, 593111, 1025142412, 1, 1),
(1765, 593112, 1025142412, 1, 1),
(1766, 593100, 1025142412, 2, 79212967),
(1767, 593101, 1025142412, 2, 79411357),
(1768, 593102, 1025142412, 2, 52787215),
(1769, 593103, 1025142412, 2, 52787215),
(1770, 593060, 1025142412, 2, 79411357),
(1771, 593061, 1025142412, 2, 79212967),
(1772, 593062, 1025142412, 2, 79212967),
(1773, 593104, 1025142412, 2, 79212967),
(1774, 593105, 1025142412, 1, 1),
(1775, 593106, 1025142412, 2, 79212967),
(1776, 593107, 1025142412, 2, 52787215),
(1777, 593108, 1025142412, 2, 79632750),
(1778, 593144, 1025142412, 1, 1),
(1779, 593145, 1025142412, 1, 1),
(1780, 593146, 1025142412, 1, 1),
(1781, 592373, 1025142412, 2, 79411357),
(1782, 592374, 1025142412, 1, 1),
(1783, 592375, 1025142412, 2, 79411357),
(1784, 592376, 1025142412, 2, 52787215),
(1785, 593344, 1025142412, 2, 79411357),
(1786, 593345, 1025142412, 2, 79411357),
(1787, 593346, 1025142412, 2, 79411357),
(1788, 593347, 1025142412, 2, 79411357),
(1789, 593243, 1025142412, 2, 39573531),
(1790, 593244, 1025142412, 2, 39573531),
(1791, 593245, 1025142412, 2, 39573531),
(1792, 593246, 1025142412, 2, 39573531),
(1793, 593255, 1025142412, 2, 79411357),
(1794, 593256, 1025142412, 2, 79411357),
(1795, 593257, 1025142412, 2, 79411357),
(1796, 593258, 1025142412, 2, 79411357),
(1797, 593259, 1025142412, 2, 23779214),
(1798, 593340, 1025142412, 2, 23779214),
(1799, 593341, 1025142412, 2, 23779214),
(1800, 593342, 1025142412, 2, 23779214),
(1801, 590803, 1028400716, 1, 1),
(1802, 593147, 1028400716, 2, 51985742),
(1803, 593148, 1028400716, 2, 51985742),
(1804, 593149, 1028400716, 2, 51985742),
(1805, 593150, 1028400716, 2, 51985742),
(1806, 593343, 1028400716, 2, 79411357),
(1807, 593151, 1028400716, 2, 79411357),
(1808, 593152, 1028400716, 2, 79411357),
(1809, 593153, 1028400716, 2, 79411357),
(1810, 593154, 1028400716, 2, 79411357),
(1811, 593113, 1028400716, 1, 1),
(1812, 593114, 1028400716, 2, 1022934514),
(1813, 593115, 1028400716, 2, 1022934514),
(1814, 593116, 1028400716, 1, 1),
(1815, 593117, 1028400716, 2, 1022934514),
(1816, 593118, 1028400716, 2, 1022934514),
(1817, 593155, 1028400716, 2, 65779404),
(1818, 593156, 1028400716, 2, 65779404),
(1819, 593157, 1028400716, 2, 65779404),
(1820, 593158, 1028400716, 2, 65779404),
(1821, 593119, 1028400716, 2, 80797208),
(1822, 593120, 1028400716, 2, 80797208),
(1823, 593121, 1028400716, 2, 80797208),
(1824, 593122, 1028400716, 2, 80797208),
(1825, 593159, 1028400716, 2, 79411357),
(1826, 593160, 1028400716, 2, 79411357),
(1827, 593161, 1028400716, 2, 79411357),
(1828, 593162, 1028400716, 2, 79411357),
(1829, 593224, 1028400716, 2, 51796480),
(1830, 593225, 1028400716, 2, 51796480),
(1831, 593226, 1028400716, 2, 51796480),
(1832, 593227, 1028400716, 2, 51796480),
(1833, 593235, 1028400716, 2, 3171112),
(1834, 593236, 1028400716, 2, 3171112),
(1835, 593237, 1028400716, 2, 3171112),
(1836, 593238, 1028400716, 2, 3171112),
(1837, 593109, 1028400716, 1, 1),
(1838, 593110, 1028400716, 1, 1),
(1839, 593111, 1028400716, 1, 1),
(1840, 593112, 1028400716, 1, 1),
(1841, 593100, 1028400716, 2, 79212967),
(1842, 593101, 1028400716, 2, 79411357),
(1843, 593102, 1028400716, 2, 52787215),
(1844, 593103, 1028400716, 2, 52787215),
(1845, 593060, 1028400716, 2, 79411357),
(1846, 593061, 1028400716, 2, 79212967),
(1847, 593062, 1028400716, 2, 79212967),
(1848, 593104, 1028400716, 2, 79212967),
(1849, 593105, 1028400716, 1, 1),
(1850, 593106, 1028400716, 2, 79212967),
(1851, 593107, 1028400716, 2, 52787215),
(1852, 593108, 1028400716, 2, 79632750),
(1853, 593144, 1028400716, 1, 1),
(1854, 593145, 1028400716, 1, 1),
(1855, 593146, 1028400716, 1, 1),
(1856, 592373, 1028400716, 2, 79411357),
(1857, 592374, 1028400716, 1, 1),
(1858, 592375, 1028400716, 2, 79411357),
(1859, 592376, 1028400716, 2, 52787215),
(1860, 593344, 1028400716, 2, 79411357),
(1861, 593345, 1028400716, 2, 79411357),
(1862, 593346, 1028400716, 2, 79411357),
(1863, 593347, 1028400716, 2, 79411357),
(1864, 593243, 1028400716, 2, 39573531),
(1865, 593244, 1028400716, 2, 39573531),
(1866, 593245, 1028400716, 2, 39573531),
(1867, 593246, 1028400716, 2, 39573531),
(1868, 593255, 1028400716, 2, 79411357),
(1869, 593256, 1028400716, 2, 79411357),
(1870, 593257, 1028400716, 2, 79411357),
(1871, 593258, 1028400716, 2, 79411357),
(1872, 593259, 1028400716, 2, 23779214),
(1873, 593340, 1028400716, 2, 23779214),
(1874, 593341, 1028400716, 2, 23779214),
(1875, 593342, 1028400716, 2, 23779214),
(1876, 590803, 1031644194, 1, 1),
(1877, 593147, 1031644194, 2, 51985742),
(1878, 593148, 1031644194, 2, 51985742),
(1879, 593149, 1031644194, 2, 51985742),
(1880, 593150, 1031644194, 2, 51985742),
(1881, 593343, 1031644194, 2, 79411357),
(1882, 593151, 1031644194, 2, 79411357),
(1883, 593152, 1031644194, 2, 79411357),
(1884, 593153, 1031644194, 2, 79411357),
(1885, 593154, 1031644194, 2, 79411357),
(1886, 593113, 1031644194, 1, 1),
(1887, 593114, 1031644194, 2, 1022934514),
(1888, 593115, 1031644194, 2, 1022934514),
(1889, 593116, 1031644194, 1, 1),
(1890, 593117, 1031644194, 2, 1022934514),
(1891, 593118, 1031644194, 2, 1022934514),
(1892, 593155, 1031644194, 2, 65779404),
(1893, 593156, 1031644194, 2, 65779404),
(1894, 593157, 1031644194, 2, 65779404),
(1895, 593158, 1031644194, 2, 65779404),
(1896, 593119, 1031644194, 2, 80797208),
(1897, 593120, 1031644194, 2, 80797208),
(1898, 593121, 1031644194, 2, 80797208),
(1899, 593122, 1031644194, 2, 80797208),
(1900, 593159, 1031644194, 2, 79411357),
(1901, 593160, 1031644194, 2, 79411357),
(1902, 593161, 1031644194, 2, 79411357),
(1903, 593162, 1031644194, 2, 79411357),
(1904, 593224, 1031644194, 2, 51796480),
(1905, 593225, 1031644194, 2, 51796480),
(1906, 593226, 1031644194, 2, 51796480),
(1907, 593227, 1031644194, 2, 51796480),
(1908, 593235, 1031644194, 2, 3171112),
(1909, 593236, 1031644194, 2, 3171112),
(1910, 593237, 1031644194, 2, 3171112),
(1911, 593238, 1031644194, 2, 3171112),
(1912, 593109, 1031644194, 1, 1),
(1913, 593110, 1031644194, 1, 1),
(1914, 593111, 1031644194, 1, 1),
(1915, 593112, 1031644194, 1, 1),
(1916, 593100, 1031644194, 2, 79212967),
(1917, 593101, 1031644194, 2, 79411357),
(1918, 593102, 1031644194, 2, 52787215),
(1919, 593103, 1031644194, 2, 52787215),
(1920, 593060, 1031644194, 2, 79411357),
(1921, 593061, 1031644194, 2, 79212967),
(1922, 593062, 1031644194, 2, 79212967),
(1923, 593104, 1031644194, 2, 79212967),
(1924, 593105, 1031644194, 1, 1),
(1925, 593106, 1031644194, 2, 79212967),
(1926, 593107, 1031644194, 2, 52787215),
(1927, 593108, 1031644194, 2, 79632750),
(1928, 593144, 1031644194, 1, 1),
(1929, 593145, 1031644194, 1, 1),
(1930, 593146, 1031644194, 1, 1),
(1931, 592373, 1031644194, 2, 80148654),
(1932, 592374, 1031644194, 1, 1),
(1933, 592375, 1031644194, 2, 79411357),
(1934, 592376, 1031644194, 2, 80148654),
(1935, 593344, 1031644194, 2, 80148654),
(1936, 593345, 1031644194, 2, 79411357),
(1937, 593346, 1031644194, 2, 79411357),
(1938, 593347, 1031644194, 2, 79411357),
(1939, 593243, 1031644194, 2, 39573531),
(1940, 593244, 1031644194, 2, 39573531),
(1941, 593245, 1031644194, 2, 39573531),
(1942, 593246, 1031644194, 2, 39573531),
(1943, 593255, 1031644194, 2, 79411357),
(1944, 593256, 1031644194, 2, 79411357),
(1945, 593257, 1031644194, 2, 79411357),
(1946, 593258, 1031644194, 2, 79411357),
(1947, 593259, 1031644194, 2, 23779214),
(1948, 593340, 1031644194, 2, 23779214),
(1949, 593341, 1031644194, 2, 23779214),
(1950, 593342, 1031644194, 2, 23779214),
(1951, 590803, 1032937323, 1, 1),
(1952, 593147, 1032937323, 2, 51985742),
(1953, 593148, 1032937323, 2, 51985742),
(1954, 593149, 1032937323, 2, 51985742),
(1955, 593150, 1032937323, 2, 51985742),
(1956, 593343, 1032937323, 2, 79411357),
(1957, 593151, 1032937323, 2, 79411357),
(1958, 593152, 1032937323, 2, 79411357),
(1959, 593153, 1032937323, 2, 79411357),
(1960, 593154, 1032937323, 2, 79411357),
(1961, 593113, 1032937323, 1, 1),
(1962, 593114, 1032937323, 2, 1022934514),
(1963, 593115, 1032937323, 2, 1022934514),
(1964, 593116, 1032937323, 1, 1),
(1965, 593117, 1032937323, 2, 1022934514),
(1966, 593118, 1032937323, 2, 1022934514),
(1967, 593155, 1032937323, 2, 65779404),
(1968, 593156, 1032937323, 2, 65779404),
(1969, 593157, 1032937323, 2, 65779404),
(1970, 593158, 1032937323, 2, 65779404),
(1971, 593119, 1032937323, 2, 80797208),
(1972, 593120, 1032937323, 2, 80797208),
(1973, 593121, 1032937323, 2, 80797208),
(1974, 593122, 1032937323, 2, 80797208),
(1975, 593159, 1032937323, 2, 79411357),
(1976, 593160, 1032937323, 2, 79411357),
(1977, 593161, 1032937323, 2, 79411357),
(1978, 593162, 1032937323, 2, 79411357),
(1979, 593224, 1032937323, 2, 51796480),
(1980, 593225, 1032937323, 2, 51796480),
(1981, 593226, 1032937323, 2, 51796480),
(1982, 593227, 1032937323, 2, 51796480),
(1983, 593235, 1032937323, 2, 3171112),
(1984, 593236, 1032937323, 2, 3171112),
(1985, 593237, 1032937323, 2, 3171112),
(1986, 593238, 1032937323, 2, 3171112),
(1987, 593109, 1032937323, 1, 1),
(1988, 593110, 1032937323, 1, 1),
(1989, 593111, 1032937323, 1, 1),
(1990, 593112, 1032937323, 1, 1),
(1991, 593100, 1032937323, 2, 79212967),
(1992, 593101, 1032937323, 2, 79411357),
(1993, 593102, 1032937323, 2, 52787215),
(1994, 593103, 1032937323, 2, 52787215),
(1995, 593060, 1032937323, 2, 79411357),
(1996, 593061, 1032937323, 2, 79212967),
(1997, 593062, 1032937323, 2, 79212967),
(1998, 593104, 1032937323, 2, 79212967),
(1999, 593105, 1032937323, 1, 1),
(2000, 593106, 1032937323, 2, 79212967),
(2001, 593107, 1032937323, 2, 52787215),
(2002, 593108, 1032937323, 2, 79632750),
(2003, 593144, 1032937323, 1, 1),
(2004, 593145, 1032937323, 1, 1),
(2005, 593146, 1032937323, 1, 1),
(2006, 592373, 1032937323, 2, 79411357),
(2007, 592374, 1032937323, 1, 1),
(2008, 592375, 1032937323, 2, 79411357),
(2009, 592376, 1032937323, 2, 52787215),
(2010, 593344, 1032937323, 2, 79411357),
(2011, 593345, 1032937323, 2, 79411357),
(2012, 593346, 1032937323, 2, 79411357),
(2013, 593347, 1032937323, 2, 79411357),
(2014, 593243, 1032937323, 2, 39573531),
(2015, 593244, 1032937323, 2, 39573531),
(2016, 593245, 1032937323, 2, 39573531),
(2017, 593246, 1032937323, 2, 39573531),
(2018, 593255, 1032937323, 2, 79411357),
(2019, 593256, 1032937323, 2, 79411357),
(2020, 593257, 1032937323, 2, 79411357),
(2021, 593258, 1032937323, 2, 79411357),
(2022, 593259, 1032937323, 2, 23779214),
(2023, 593340, 1032937323, 2, 23779214),
(2024, 593341, 1032937323, 2, 23779214),
(2025, 593342, 1032937323, 2, 23779214),
(2026, 590803, 1034277683, 1, 1),
(2027, 593147, 1034277683, 2, 51985742),
(2028, 593148, 1034277683, 2, 51985742),
(2029, 593149, 1034277683, 2, 51985742),
(2030, 593150, 1034277683, 2, 51985742),
(2031, 593343, 1034277683, 2, 79411357),
(2032, 593151, 1034277683, 2, 79411357),
(2033, 593152, 1034277683, 2, 79411357),
(2034, 593153, 1034277683, 2, 79411357),
(2035, 593154, 1034277683, 2, 79411357),
(2036, 593113, 1034277683, 1, 1),
(2037, 593114, 1034277683, 2, 1022934514),
(2038, 593115, 1034277683, 2, 1022934514),
(2039, 593116, 1034277683, 1, 1),
(2040, 593117, 1034277683, 2, 1022934514),
(2041, 593118, 1034277683, 2, 1022934514),
(2042, 593155, 1034277683, 2, 65779404),
(2043, 593156, 1034277683, 2, 65779404),
(2044, 593157, 1034277683, 2, 65779404),
(2045, 593158, 1034277683, 2, 65779404),
(2046, 593119, 1034277683, 2, 80797208),
(2047, 593120, 1034277683, 2, 80797208),
(2048, 593121, 1034277683, 2, 80797208),
(2049, 593122, 1034277683, 2, 80797208),
(2050, 593159, 1034277683, 2, 79411357),
(2051, 593160, 1034277683, 2, 79411357),
(2052, 593161, 1034277683, 2, 79411357),
(2053, 593162, 1034277683, 2, 79411357),
(2054, 593224, 1034277683, 2, 51796480),
(2055, 593225, 1034277683, 2, 51796480),
(2056, 593226, 1034277683, 2, 51796480),
(2057, 593227, 1034277683, 2, 51796480),
(2058, 593235, 1034277683, 2, 3171112),
(2059, 593236, 1034277683, 2, 3171112),
(2060, 593237, 1034277683, 2, 3171112),
(2061, 593238, 1034277683, 2, 3171112),
(2062, 593109, 1034277683, 1, 1),
(2063, 593110, 1034277683, 1, 1),
(2064, 593111, 1034277683, 1, 1),
(2065, 593112, 1034277683, 1, 1),
(2066, 593100, 1034277683, 2, 79212967),
(2067, 593101, 1034277683, 2, 79411357),
(2068, 593102, 1034277683, 2, 52787215),
(2069, 593103, 1034277683, 2, 52787215),
(2070, 593060, 1034277683, 2, 79411357),
(2071, 593061, 1034277683, 2, 79212967),
(2072, 593062, 1034277683, 2, 79212967),
(2073, 593104, 1034277683, 2, 79212967),
(2074, 593105, 1034277683, 1, 1),
(2075, 593106, 1034277683, 2, 79212967),
(2076, 593107, 1034277683, 2, 52787215),
(2077, 593108, 1034277683, 2, 79632750),
(2078, 593144, 1034277683, 1, 1),
(2079, 593145, 1034277683, 1, 1),
(2080, 593146, 1034277683, 1, 1),
(2081, 592373, 1034277683, 2, 79411357),
(2082, 592374, 1034277683, 1, 1),
(2083, 592375, 1034277683, 2, 79411357),
(2084, 592376, 1034277683, 2, 80148654),
(2085, 593344, 1034277683, 2, 79411357),
(2086, 593345, 1034277683, 2, 79411357),
(2087, 593346, 1034277683, 2, 79411357),
(2088, 593347, 1034277683, 2, 79411357),
(2089, 593243, 1034277683, 2, 39573531),
(2090, 593244, 1034277683, 2, 39573531),
(2091, 593245, 1034277683, 2, 39573531),
(2092, 593246, 1034277683, 2, 39573531),
(2093, 593255, 1034277683, 2, 79411357),
(2094, 593256, 1034277683, 2, 79411357),
(2095, 593257, 1034277683, 2, 79411357),
(2096, 593258, 1034277683, 2, 79411357),
(2097, 593259, 1034277683, 2, 23779214),
(2098, 593340, 1034277683, 2, 23779214),
(2099, 593341, 1034277683, 2, 23779214),
(2100, 593342, 1034277683, 2, 23779214),
(2101, 590803, 1034399642, 1, 1),
(2102, 593147, 1034399642, 2, 51985742),
(2103, 593148, 1034399642, 2, 51985742),
(2104, 593149, 1034399642, 2, 51985742),
(2105, 593150, 1034399642, 2, 51985742),
(2106, 593343, 1034399642, 2, 79411357),
(2107, 593151, 1034399642, 2, 79411357),
(2108, 593152, 1034399642, 2, 79411357),
(2109, 593153, 1034399642, 2, 79411357),
(2110, 593154, 1034399642, 2, 79411357),
(2111, 593113, 1034399642, 1, 1),
(2112, 593114, 1034399642, 2, 1022934514),
(2113, 593115, 1034399642, 2, 1022934514),
(2114, 593116, 1034399642, 1, 1),
(2115, 593117, 1034399642, 2, 1022934514),
(2116, 593118, 1034399642, 2, 1022934514),
(2117, 593155, 1034399642, 2, 65779404),
(2118, 593156, 1034399642, 2, 65779404),
(2119, 593157, 1034399642, 2, 65779404),
(2120, 593158, 1034399642, 2, 65779404),
(2121, 593119, 1034399642, 2, 80797208),
(2122, 593120, 1034399642, 2, 80797208),
(2123, 593121, 1034399642, 2, 80797208),
(2124, 593122, 1034399642, 2, 80797208),
(2125, 593159, 1034399642, 2, 79411357),
(2126, 593160, 1034399642, 2, 79411357),
(2127, 593161, 1034399642, 2, 79411357),
(2128, 593162, 1034399642, 2, 79411357),
(2129, 593224, 1034399642, 2, 51796480),
(2130, 593225, 1034399642, 2, 51796480),
(2131, 593226, 1034399642, 2, 51796480),
(2132, 593227, 1034399642, 2, 51796480),
(2133, 593235, 1034399642, 2, 3171112),
(2134, 593236, 1034399642, 2, 3171112),
(2135, 593237, 1034399642, 2, 3171112),
(2136, 593238, 1034399642, 2, 3171112),
(2137, 593109, 1034399642, 1, 1),
(2138, 593110, 1034399642, 1, 1),
(2139, 593111, 1034399642, 1, 1),
(2140, 593112, 1034399642, 1, 1),
(2141, 593100, 1034399642, 2, 79212967),
(2142, 593101, 1034399642, 2, 79411357),
(2143, 593102, 1034399642, 2, 52787215),
(2144, 593103, 1034399642, 2, 52787215),
(2145, 593060, 1034399642, 2, 79411357),
(2146, 593061, 1034399642, 2, 79212967),
(2147, 593062, 1034399642, 2, 79212967),
(2148, 593104, 1034399642, 2, 79212967),
(2149, 593105, 1034399642, 1, 1),
(2150, 593106, 1034399642, 2, 79212967),
(2151, 593107, 1034399642, 2, 52787215),
(2152, 593108, 1034399642, 2, 79632750),
(2153, 593144, 1034399642, 1, 1),
(2154, 593145, 1034399642, 1, 1),
(2155, 593146, 1034399642, 1, 1),
(2156, 592373, 1034399642, 2, 79411357),
(2157, 592374, 1034399642, 1, 1),
(2158, 592375, 1034399642, 2, 79411357),
(2159, 592376, 1034399642, 2, 52787215),
(2160, 593344, 1034399642, 2, 79411357),
(2161, 593345, 1034399642, 2, 79411357),
(2162, 593346, 1034399642, 2, 79411357),
(2163, 593347, 1034399642, 2, 79411357),
(2164, 593243, 1034399642, 2, 39573531),
(2165, 593244, 1034399642, 2, 39573531),
(2166, 593245, 1034399642, 2, 39573531),
(2167, 593246, 1034399642, 2, 39573531),
(2168, 593255, 1034399642, 2, 79411357),
(2169, 593256, 1034399642, 2, 79411357),
(2170, 593257, 1034399642, 2, 79411357),
(2171, 593258, 1034399642, 2, 79411357),
(2172, 593259, 1034399642, 2, 23779214),
(2173, 593340, 1034399642, 2, 23779214),
(2174, 593341, 1034399642, 2, 23779214),
(2175, 593342, 1034399642, 2, 23779214),
(2176, 590803, 1052000073, 1, 1),
(2177, 593147, 1052000073, 2, 51985742),
(2178, 593148, 1052000073, 2, 51985742),
(2179, 593149, 1052000073, 2, 51985742),
(2180, 593150, 1052000073, 2, 51985742),
(2181, 593343, 1052000073, 2, 79411357),
(2182, 593151, 1052000073, 2, 79411357),
(2183, 593152, 1052000073, 2, 79411357),
(2184, 593153, 1052000073, 2, 79411357),
(2185, 593154, 1052000073, 2, 79411357),
(2186, 593113, 1052000073, 1, 1),
(2187, 593114, 1052000073, 2, 1022934514),
(2188, 593115, 1052000073, 2, 1022934514),
(2189, 593116, 1052000073, 1, 1),
(2190, 593117, 1052000073, 2, 1022934514),
(2191, 593118, 1052000073, 2, 1022934514),
(2192, 593155, 1052000073, 2, 65779404),
(2193, 593156, 1052000073, 2, 65779404),
(2194, 593157, 1052000073, 2, 65779404),
(2195, 593158, 1052000073, 2, 65779404),
(2196, 593119, 1052000073, 2, 80797208),
(2197, 593120, 1052000073, 2, 80797208),
(2198, 593121, 1052000073, 2, 80797208),
(2199, 593122, 1052000073, 2, 80797208),
(2200, 593159, 1052000073, 2, 79411357),
(2201, 593160, 1052000073, 2, 79411357),
(2202, 593161, 1052000073, 2, 79411357),
(2203, 593162, 1052000073, 2, 79411357),
(2204, 593224, 1052000073, 2, 51796480),
(2205, 593225, 1052000073, 2, 51796480),
(2206, 593226, 1052000073, 2, 51796480),
(2207, 593227, 1052000073, 2, 51796480),
(2208, 593235, 1052000073, 2, 3171112),
(2209, 593236, 1052000073, 2, 3171112),
(2210, 593237, 1052000073, 2, 3171112),
(2211, 593238, 1052000073, 2, 3171112),
(2212, 593109, 1052000073, 1, 1),
(2213, 593110, 1052000073, 1, 1),
(2214, 593111, 1052000073, 1, 1),
(2215, 593112, 1052000073, 1, 1),
(2216, 593100, 1052000073, 2, 79212967),
(2217, 593101, 1052000073, 2, 79411357),
(2218, 593102, 1052000073, 2, 52787215),
(2219, 593103, 1052000073, 2, 52787215),
(2220, 593060, 1052000073, 2, 79411357),
(2221, 593061, 1052000073, 2, 79212967),
(2222, 593062, 1052000073, 2, 79212967),
(2223, 593104, 1052000073, 2, 79212967),
(2224, 593105, 1052000073, 1, 1),
(2225, 593106, 1052000073, 2, 79212967),
(2226, 593107, 1052000073, 2, 52787215),
(2227, 593108, 1052000073, 2, 79632750),
(2228, 593144, 1052000073, 1, 1),
(2229, 593145, 1052000073, 1, 1),
(2230, 593146, 1052000073, 1, 1),
(2231, 592373, 1052000073, 2, 79411357),
(2232, 592374, 1052000073, 1, 1),
(2233, 592375, 1052000073, 2, 79411357),
(2234, 592376, 1052000073, 2, 52787215),
(2235, 593344, 1052000073, 2, 79411357),
(2236, 593345, 1052000073, 2, 79411357),
(2237, 593346, 1052000073, 2, 79411357),
(2238, 593347, 1052000073, 2, 79411357),
(2239, 593243, 1052000073, 2, 39573531),
(2240, 593244, 1052000073, 2, 39573531),
(2241, 593245, 1052000073, 2, 39573531),
(2242, 593246, 1052000073, 2, 39573531),
(2243, 593255, 1052000073, 2, 79411357),
(2244, 593256, 1052000073, 2, 79411357),
(2245, 593257, 1052000073, 2, 79411357),
(2246, 593258, 1052000073, 2, 79411357),
(2247, 593259, 1052000073, 2, 23779214),
(2248, 593340, 1052000073, 2, 23779214),
(2249, 593341, 1052000073, 2, 23779214),
(2250, 593342, 1052000073, 2, 23779214),
(2251, 590803, 1111759651, 1, 1),
(2252, 593147, 1111759651, 2, 51985742),
(2253, 593148, 1111759651, 2, 51985742),
(2254, 593149, 1111759651, 2, 51985742),
(2255, 593150, 1111759651, 2, 51985742),
(2256, 593343, 1111759651, 2, 79411357),
(2257, 593151, 1111759651, 2, 79411357),
(2258, 593152, 1111759651, 2, 79411357),
(2259, 593153, 1111759651, 2, 79411357),
(2260, 593154, 1111759651, 2, 79411357),
(2261, 593113, 1111759651, 1, 1),
(2262, 593114, 1111759651, 2, 1022934514),
(2263, 593115, 1111759651, 2, 1022934514),
(2264, 593116, 1111759651, 1, 1),
(2265, 593117, 1111759651, 2, 1022934514),
(2266, 593118, 1111759651, 2, 1022934514),
(2267, 593155, 1111759651, 2, 65779404),
(2268, 593156, 1111759651, 2, 65779404),
(2269, 593157, 1111759651, 2, 65779404),
(2270, 593158, 1111759651, 2, 65779404),
(2271, 593119, 1111759651, 2, 80797208),
(2272, 593120, 1111759651, 2, 80797208),
(2273, 593121, 1111759651, 2, 80797208),
(2274, 593122, 1111759651, 2, 80797208),
(2275, 593159, 1111759651, 2, 79411357),
(2276, 593160, 1111759651, 2, 79411357),
(2277, 593161, 1111759651, 2, 79411357),
(2278, 593162, 1111759651, 2, 79411357),
(2279, 593224, 1111759651, 2, 51796480),
(2280, 593225, 1111759651, 2, 51796480),
(2281, 593226, 1111759651, 2, 51796480),
(2282, 593227, 1111759651, 2, 51796480),
(2283, 593235, 1111759651, 2, 3171112),
(2284, 593236, 1111759651, 2, 3171112),
(2285, 593237, 1111759651, 2, 3171112),
(2286, 593238, 1111759651, 2, 3171112),
(2287, 593109, 1111759651, 1, 1),
(2288, 593110, 1111759651, 1, 1),
(2289, 593111, 1111759651, 1, 1),
(2290, 593112, 1111759651, 1, 1),
(2291, 593100, 1111759651, 2, 79212967),
(2292, 593101, 1111759651, 2, 79411357),
(2293, 593102, 1111759651, 2, 52787215),
(2294, 593103, 1111759651, 2, 52787215),
(2295, 593060, 1111759651, 2, 79411357),
(2296, 593061, 1111759651, 2, 79212967),
(2297, 593062, 1111759651, 2, 79212967),
(2298, 593104, 1111759651, 2, 79212967),
(2299, 593105, 1111759651, 1, 1),
(2300, 593106, 1111759651, 2, 79212967),
(2301, 593107, 1111759651, 2, 52787215),
(2302, 593108, 1111759651, 2, 79632750),
(2303, 593144, 1111759651, 1, 1),
(2304, 593145, 1111759651, 1, 1),
(2305, 593146, 1111759651, 1, 1),
(2306, 592373, 1111759651, 2, 79411357),
(2307, 592374, 1111759651, 1, 1),
(2308, 592375, 1111759651, 2, 79411357),
(2309, 592376, 1111759651, 2, 52787215),
(2310, 593344, 1111759651, 2, 79411357),
(2311, 593345, 1111759651, 2, 79411357),
(2312, 593346, 1111759651, 2, 79411357),
(2313, 593347, 1111759651, 2, 79411357),
(2314, 593243, 1111759651, 2, 39573531),
(2315, 593244, 1111759651, 2, 39573531),
(2316, 593245, 1111759651, 2, 39573531),
(2317, 593246, 1111759651, 2, 39573531),
(2318, 593255, 1111759651, 2, 79411357),
(2319, 593256, 1111759651, 2, 79411357),
(2320, 593257, 1111759651, 2, 79411357),
(2321, 593258, 1111759651, 2, 79411357),
(2322, 593259, 1111759651, 2, 23779214),
(2323, 593340, 1111759651, 2, 23779214),
(2324, 593341, 1111759651, 2, 23779214),
(2325, 593342, 1111759651, 2, 23779214);

-- --------------------------------------------------------

--
-- Estructura de tabla para la tabla `resultados`
--

CREATE TABLE `resultados` (
  `id_resultado` int(11) NOT NULL,
  `resultado` varchar(500) NOT NULL,
  `id_competencia` int(11) NOT NULL
) ENGINE=InnoDB DEFAULT CHARSET=utf8mb4 COLLATE=utf8mb4_general_ci;

--
-- Volcado de datos para la tabla `resultados`
--

INSERT INTO `resultados` (`id_resultado`, `resultado`, `id_competencia`) VALUES
(590803, ' APLICAR EN LA RESOLUCIÓN DE PROBLEMAS REALES DEL SECTOR PRODUCTIVO, LOS CONOCIMIENTOS, HABILIDADES Y DESTREZAS PERTINENTES A LAS COMPETENCIAS DEL PROGRAMA DE FORMACIÓN ASUMIENDO ESTRATEGIAS Y METODOLOGÍAS DE AUTOGESTIÓN', 2),
(592373, ' 02  MODELAR LAS FUNCIONES DEL SOFTWARE DE ACUERDO CON EL INFORME DE REQUISITOS.', 38376),
(592374, ' 04  VERIFICAR LOS MODELOS REALIZADOS EN LA FASE DE ANÁLISIS DE ACUERDO CON LO ESTABLECIDO EN EL INFORME DE REQUISITOS.', 38376),
(592375, ' 01 PLANEAR ACTIVIDADES DE ANÁLISIS DE ACUERDO CON LA METODOLOGÍA SELECCIONADA.', 38376),
(592376, ' 03  DESARROLLAR PROCESOS LÓGICOS A TRAVÉS DE LA IMPLEMENTACIÓN DE ALGORITMOS.', 38376),
(593060, ' 01  DEFINIR ESPECIFICACIONES TÉCNICAS DEL SOFTWARE DE ACUERDO CON LAS CARACTERÍSTICAS DEL SOFTWARE A CONSTRUIR.', 38367),
(593061, ' 03  VALIDAR LAS CONDICIONES DE LA PROPUESTA TÉCNICA DEL SOFTWARE DE ACUERDO CON LOS INTERESES DE LAS PARTES.', 38367),
(593062, ' 02  ELABORAR PROPUESTA TÉCNICA DEL SOFTWARE DE ACUERDO CON LAS ESPECIFICACIONES TÉCNICAS DEFINIDAS.', 38367),
(593100, ' 03  DETERMINAR LAS CARACTERÍSTICAS TÉCNICAS DE LA INTERFAZ GRÁFICA DEL SOFTWARE ADOPTANDO ESTÁNDARES.', 38362),
(593101, ' 02  ESTRUCTURAR EL MODELO DE DATOS DEL SOFTWARE DE ACUERDO CON LAS ESPECIFICACIONES DEL ANÁLISIS.', 38362),
(593102, ' 04  VERIFICAR LOS ENTREGABLES DE LA FASE DE DISEÑO DEL SOFTWARE DE ACUERDO CON LO ESTABLECIDO EN EL INFORME DE ANÁLISIS.', 38362),
(593103, ' 01  ELABORAR LOS ARTEFACTOS DE DISEÑO DEL SOFTWARE SIGUIENDO LAS PRÁCTICAS DE LA METODOLOGÍA SELECCIONADA.', 38362),
(593104, ' 03  CREAR COMPONENTES FRONT-END DEL SOFTWARE DE ACUERDO CON EL DISEÑO.', 38368),
(593105, ' 05  REALIZAR PRUEBAS AL SOFTWARE PARA VERIFICAR SU FUNCIONALIDAD.', 38368),
(593106, ' 01  PLANEAR ACTIVIDADES DE CONSTRUCCIÓN DEL SOFTWARE DE ACUERDO CON EL DISEÑO ESTABLECIDO.', 38368),
(593107, ' 02  CONSTRUIR LA BASE DE DATOS PARA EL SOFTWARE A PARTIR DEL MODELO DE DATOS.', 38368),
(593108, ' 04  CODIFICAR EL SOFTWARE DE ACUERDO CON EL DISEÑO ESTABLECIDO.', 38368),
(593109, ' 03  DOCUMENTAR EL PROCESO DE IMPLANTACIÓN DE SOFTWARE SIGUIENDO ESTÁNDARES DE CALIDAD.', 38356),
(593110, ' 02  DESPLEGAR EL SOFTWARE DE ACUERDO CON LA ARQUITECTURA Y LAS POLÍTICAS ESTABLECIDAS.', 38356),
(593111, ' 01  PLANEAR ACTIVIDADES DE IMPLANTACIÓN DEL SOFTWARE DE ACUERDO CON LAS CONDICIONES DEL SISTEMA.', 38356),
(593112, ' 04  IMPLANTAR EL SOFTWARE DE ACUERDO CON LOS NIVELES DE SERVICIO ESTABLECIDOS CON EL CLIENTE.', 38356),
(593113, ' 06  EXPLICAR LAS FUNCIONES DE SU OCUPACIÓN LABORAL USANDO EXPRESIONES DE ACUERDO AL NIVEL REQUERIDO POR EL PROGRAMA DE FORMACIÓN.', 37714),
(593114, ' 04  IMPLEMENTAR ACCIONES DE MEJORA RELACIONADAS CON EL USO DE EXPRESIONES, ESTRUCTURAS Y DESEMPEÑO SEGÚN LOS RESULTADOS DE APRENDIZAJE FORMULADOS PARA EL PROGRAMA.', 37714),
(593115, ' 02  INTERCAMBIAR OPINIONES SOBRE SITUACIONES COTIDIANAS Y LABORALES ACTUALES, PASADAS Y FUTURAS EN CONTEXTOS SOCIALES ORALES Y ESCRITOS.', 37714),
(593116, ' 05  PRESENTAR UN PROCESO PARA LA REALIZACIÓN DE UNA ACTIVIDAD EN SU QUEHACER LABORAL DE ACUERDO CON LOS PROCEDIMIENTOS ESTABLECIDOS DESDE SU PROGRAMA DE FORMACIÓN.', 37714),
(593117, ' 01  COMPRENDER INFORMACIÓN SOBRE SITUACIONES COTIDIANAS Y LABORALES ACTUALES Y FUTURAS A TRAVÉS DE INTERACCIONES SOCIALES DE FORMA ORAL Y ESCRITA.', 37714),
(593118, ' 03  DISCUTIR SOBRE POSIBLES SOLUCIONES A PROBLEMAS DENTRO DE UN RANGO VARIADO DE CONTEXTOS SOCIALES Y LABORALES.', 37714),
(593119, ' 02  PRACTICAR HÁBITOS SALUDABLES MEDIANTE LA APLICACIÓN DE  FUNDAMENTOS DE NUTRICIÓN E HIGIENE.', 37800),
(593120, ' 01  DESARROLLAR HABILIDADES PSICOMOTRICES EN EL CONTEXTO PRODUCTIVO Y SOCIAL.', 37800),
(593121, ' 03  EJECUTAR ACTIVIDADES DE ACONDICIONAMIENTO FÍSICO ORIENTADAS HACIA EL MEJORAMIENTO DE LA CONDICIÓN FÍSICA EN LOS CONTEXTOS PRODUCTIVO Y SOCIAL.', 37800),
(593122, ' 04  IMPLEMENTAR UN PLAN DE ERGONOMÍA Y PAUSAS ACTIVAS SEGÚN LAS CARACTERÍSTICAS DE LA FUNCIÓN PRODUCTIVA.', 37800),
(593144, ' 02  VERIFICAR LA CALIDAD DEL SOFTWARE DE ACUERDO CON LAS PRÁCTICAS ASOCIADAS EN LOS PROCESOS DE DESARROLLO.', 38369),
(593145, ' 03  REALIZAR ACTIVIDADES DE MEJORA DE LA CALIDAD DEL SOFTWARE A PARTIR DE LOS RESULTADOS DE LA VERIFICACIÓN.', 38369),
(593146, ' 01  INCORPORAR ACTIVIDADES DE ASEGURAMIENTO DE LA CALIDAD DEL SOFTWARE DE ACUERDO CON ESTÁNDARES DE LA INDUSTRIA.', 38369),
(593147, ' 02  ESTABLECER RELACIONES DE CRECIMIENTO PERSONAL Y COMUNITARIO A PARTIR DEL BIEN COMÚN COMO APORTE PARA EL DESARROLLO SOCIAL.', 36180),
(593148, ' 03  PROMOVER EL USO RACIONAL DE LOS RECURSOS NATURALES A PARTIR DE CRITERIOS DE SOSTENIBILIDAD Y SUSTENTABILIDAD ÉTICA Y NORMATIVA VIGENTE.', 36180),
(593149, ' 01  PROMOVER MI DIGNIDAD Y LA DEL OTRO A PARTIR DE LOS PRINCIPIOS Y VALORES ÉTICOS COMO APORTE EN LA INSTAURACIÓN DE UNA CULTURA DE PAZ.', 36180),
(593150, ' 04  CONTRIBUIR CON EL FORTALECIMIENTO DE LA CULTURA DE PAZ A PARTIR DE LA DIGNIDAD HUMANA Y LAS ESTRATEGIAS PARA LA TRANSFORMACIÓN DE CONFLICTOS.', 36180),
(593151, ' 02  APLICAR FUNCIONALIDADES DE HERRAMIENTAS Y SERVICIOS TIC, DE ACUERDO CON MANUALES DE USO, PROCEDIMIENTOS ESTABLECIDOS Y BUENAS PRÁCTICAS.', 37371),
(593152, ' 04  OPTIMIZAR LOS RESULTADOS, DE ACUERDO CON LA VERIFICACIÓN.', 37371),
(593153, ' 03  EVALUAR LOS RESULTADOS, DE ACUERDO CON LOS REQUERIMIENTOS.', 37371),
(593154, ' 01  ALISTAR HERRAMIENTAS DE TECNOLOGÍAS DE LA INFORMACIÓN Y LA COMUNICACIÓN (TIC), DE ACUERDO CON LAS NECESIDADES DE PROCESAMIENTO DE INFORMACIÓN Y COMUNICACIÓN.', 37371),
(593155, ' 04  PROPONER ACCIONES DE MEJORA PARA EL MANEJO AMBIENTAL Y EL CONTROL DE LA SST, DE ACUERDO CON ESTRATEGIAS DE TRABAJO, COLABORATIVO, COOPERATIVO Y COORDINADO EN EL CONTEXTO PRODUCTIVO Y SOCIAL.', 37799),
(593156, ' 01  ANALIZAR LAS ESTRATEGIAS PARA LA PREVENCIÓN Y CONTROL DE LOS IMPACTOS AMBIENTALES Y DE LOS ACCIDENTES Y ENFERMEDADES LABORALES (ATEL) DE ACUERDO CON LAS POLÍTICAS ORGANIZACIONALES Y EL ENTORNO SOCIAL.', 37799),
(593157, ' 03  REALIZAR SEGUIMIENTO Y ACOMPAÑAMIENTO AL DESARROLLO DE LOS PLANES Y PROGRAMAS AMBIENTALES Y SST, SEGÚN EL  ÁREA DE DESEMPEÑO.', 37799),
(593158, ' 02  IMPLEMENTAR ESTRATEGIAS PARA EL CONTROL DE LOS IMPACTOS AMBIENTALES Y DE LOS ACCIDENTES Y ENFERMEDADES   DE ACUERDO  CON LOS PLANES Y PROGRAMAS  ESTABLECIDOS POR LA ORGANIZACIÓN.', 37799),
(593159, ' 02  SOLUCIONAR PROBLEMAS ASOCIADOS CON EL SECTOR PRODUCTIVO CON BASE EN LOS PRINCIPIOS Y LEYES DE LA FÍSICA.', 37801),
(593160, ' 04  PROPONER ACCIONES DE MEJORA EN LOS PROCESOS PRODUCTIVOS DE ACUERDO CON LOS PRINCIPIOS Y LEYES DE LA FÍSICA.', 37801),
(593161, ' 03  VERIFICAR LAS TRANSFORMACIONES FÍSICAS DE LA MATERIA UTILIZANDO HERRAMIENTAS TECNOLÓGICAS.', 37801),
(593162, ' 01  IDENTIFICAR LOS PRINCIPIOS Y LEYES DE LA FÍSICA EN LA SOLUCIÓN DE PROBLEMAS DE ACUERDO AL CONTEXTO PRODUCTIVO.', 37801),
(593224, ' 03  RELACIONAR LOS PROCESOS COMUNICATIVOS TENIENDO EN CUENTA CRITERIOS DE LÓGICA Y RACIONALIDAD.', 37802),
(593225, ' 01  ANALIZAR LOS COMPONENTES DE LA COMUNICACIÓN SEGÚN SUS CARACTERÍSTICAS, INTENCIONALIDAD Y CONTEXTO.', 37802),
(593226, ' 04  ESTABLECER PROCESOS DE ENRIQUECIMIENTO LEXICAL Y ACCIONES DE MEJORAMIENTO EN EL DESARROLLO DE PROCESOS COMUNICATIVOS SEGÚN REQUERIMIENTOS DEL CONTEXTO.', 37802),
(593227, ' 02  ARGUMENTAR EN FORMA ORAL Y ESCRITA ATENDIENDO LAS EXIGENCIAS Y PARTICULARIDADES DE LAS DIVERSAS SITUACIONES COMUNICATIVAS MEDIANTE LOS DISTINTOS SISTEMAS DE REPRESENTACIÓN.', 37802),
(593235, ' 04  PROPONER SOLUCIONES A LAS NECESIDADES DEL CONTEXTO SEGÚN RESULTADOS DE LA INVESTIGACIÓN.', 38199),
(593236, ' 01  ANALIZAR EL CONTEXTO PRODUCTIVO SEGÚN SUS CARACTERÍSTICAS Y NECESIDADES.', 38199),
(593237, ' 03  ARGUMENTAR ASPECTOS TEÓRICOS DEL PROYECTO SEGÚN REFERENTES NACIONALES E INTERNACIONALES.', 38199),
(593238, ' 02  ESTRUCTURAR EL PROYECTO DE ACUERDO A CRITERIOS DE LA INVESTIGACIÓN.', 38199),
(593243, '01 Reconocer el trabajo como factor de movilidad social y transformación vital con referencia a la fenomenología y a los derechos fundamentales en el trabajo. ', 38558),
(593244, '02 Practicar los derechos fundamentales en el trabajo de acuerdo con la Constitución Política y los Convenios Internacionales. ', 38558),
(593245, '03 Valorar la importancia de la ciudadanía laboral con base en el estudio de los derechos humanos y fundamentales en el trabajo. ', 38558),
(593246, ' 04 Participar en acciones solidarias teniendo en cuenta el ejercicio de los derechos humanos, de los pueblos y de la naturaleza. ', 38558),
(593255, ' 03  RESOLVER PROBLEMAS MATEMÁTICOS A PARTIR DE SITUACIONES GENERADAS EN EL CONTEXTO SOCIAL Y PRODUCTIVO.', 38560),
(593256, ' 01  IDENTIFICAR MODELOS MATEMÁTICOS DE ACUERDO CON LOS REQUERIMIENTOS DEL PROBLEMA PLANTEADO  EN CONTEXTOS SOCIALES Y PRODUCTIVO.', 38560),
(593257, ' 04  PROPONER ACCIONES DE MEJORA FRENTE A LOS RESULTADOS DE LOS PROCEDIMIENTOS MATEMÁTICOS DE ACUERDO CON EL PROBLEMA PLANTEADO.', 38560),
(593258, ' 02  PLANTEAR PROBLEMAS MATEMÁTICOS A PARTIR DE SITUACIONES GENERADAS EN EL CONTEXTO SOCIAL Y PRODUCTIVO.', 38560),
(593259, ' 02  CARACTERIZAR LA IDEA DE NEGOCIO TENIENDO EN CUENTA LAS OPORTUNIDADES Y NECESIDADES DEL SECTOR PRODUCTIVO Y SOCIAL.', 38561),
(593340, ' 03  ESTRUCTURAR EL PLAN DE NEGOCIO DE ACUERDO CON LAS CARACTERÍSTICAS EMPRESARIALES Y TENDENCIAS DE MERCADO.', 38561),
(593341, ' 04  VALORAR LA PROPUESTA DE NEGOCIO CONFORME CON SU ESTRUCTURA Y NECESIDADES DEL SECTOR PRODUCTIVO Y SOCIAL.', 38561),
(593342, ' 01  INTEGRAR ELEMENTOS DE LA CULTURA EMPRENDEDORA TENIENDO EN CUENTA EL PERFIL PERSONAL Y EL CONTEXTO DE DESARROLLO SOCIAL.', 38561),
(593343, ' 01  IDENTIFICAR LA DINÁMICA ORGANIZACIONAL DEL SENA Y EL ROL DE LA FORMACIÓN PROFESIONAL INTEGRAL DE ACUERDO CON SU PROYECTO DE VIDA Y EL DESARROLLO PROFESIONAL.', 36182),
(593344, ' 02  RECOLECTAR INFORMACIÓN DEL SOFTWARE A CONSTRUIR DE ACUERDO CON LAS NECESIDADES DEL CLIENTE.', 38392),
(593345, ' 04  VALIDAR EL INFORME DE REQUISITOS DE ACUERDO CON LAS NECESIDADES DEL CLIENTE.', 38392),
(593346, ' 01  CARACTERIZAR LOS PROCESOS DE LA ORGANIZACIÓN DE ACUERDO CON EL SOFTWARE A CONSTRUIR.', 38392),
(593347, ' 03  ESTABLECER LOS REQUISITOS DEL SOFTWARE DE ACUERDO CON LA INFORMACIÓN RECOLECTADA.', 38392);

-- --------------------------------------------------------

--
-- Estructura de tabla para la tabla `tipo_documentos`
--

CREATE TABLE `tipo_documentos` (
  `id_tipo` int(11) NOT NULL,
  `tipo_docum` varchar(30) NOT NULL
) ENGINE=InnoDB DEFAULT CHARSET=utf8mb4 COLLATE=utf8mb4_general_ci;

--
-- Volcado de datos para la tabla `tipo_documentos`
--

INSERT INTO `tipo_documentos` (`id_tipo`, `tipo_docum`) VALUES
(1, 'cedula de ciudadanía'),
(2, 'tarjeta de identidad'),
(3, 'ninguno');

--
-- Índices para tablas volcadas
--

--
-- Indices de la tabla `aprendices`
--
ALTER TABLE `aprendices`
  ADD PRIMARY KEY (`documento`),
  ADD KEY `re_1` (`id_tipo`),
  ADD KEY `re_2` (`id_estado`);

--
-- Indices de la tabla `competencias`
--
ALTER TABLE `competencias`
  ADD PRIMARY KEY (`id_competencia`);

--
-- Indices de la tabla `estados`
--
ALTER TABLE `estados`
  ADD PRIMARY KEY (`id_estado`);

--
-- Indices de la tabla `evaluaciones`
--
ALTER TABLE `evaluaciones`
  ADD PRIMARY KEY (`id_evaluacion`);

--
-- Indices de la tabla `instructores`
--
ALTER TABLE `instructores`
  ADD PRIMARY KEY (`documento`),
  ADD KEY `re_9` (`id_tipo`);

--
-- Indices de la tabla `juicios`
--
ALTER TABLE `juicios`
  ADD PRIMARY KEY (`id_juicio`),
  ADD KEY `re_6` (`id_aprendiz`),
  ADD KEY `re_7` (`id_evaluacion`),
  ADD KEY `re_8` (`id_instructor`),
  ADD KEY `re_5` (`id_resultado`);

--
-- Indices de la tabla `resultados`
--
ALTER TABLE `resultados`
  ADD PRIMARY KEY (`id_resultado`),
  ADD KEY `re_4` (`id_competencia`);

--
-- Indices de la tabla `tipo_documentos`
--
ALTER TABLE `tipo_documentos`
  ADD PRIMARY KEY (`id_tipo`);

--
-- AUTO_INCREMENT de las tablas volcadas
--

--
-- AUTO_INCREMENT de la tabla `estados`
--
ALTER TABLE `estados`
  MODIFY `id_estado` int(11) NOT NULL AUTO_INCREMENT, AUTO_INCREMENT=4;

--
-- AUTO_INCREMENT de la tabla `evaluaciones`
--
ALTER TABLE `evaluaciones`
  MODIFY `id_evaluacion` int(11) NOT NULL AUTO_INCREMENT, AUTO_INCREMENT=4;

--
-- AUTO_INCREMENT de la tabla `juicios`
--
ALTER TABLE `juicios`
  MODIFY `id_juicio` int(11) NOT NULL AUTO_INCREMENT, AUTO_INCREMENT=3330;

--
-- AUTO_INCREMENT de la tabla `tipo_documentos`
--
ALTER TABLE `tipo_documentos`
  MODIFY `id_tipo` int(11) NOT NULL AUTO_INCREMENT, AUTO_INCREMENT=4;

--
-- Restricciones para tablas volcadas
--

--
-- Filtros para la tabla `aprendices`
--
ALTER TABLE `aprendices`
  ADD CONSTRAINT `re_1` FOREIGN KEY (`id_tipo`) REFERENCES `tipo_documentos` (`id_tipo`) ON DELETE CASCADE ON UPDATE CASCADE,
  ADD CONSTRAINT `re_2` FOREIGN KEY (`id_estado`) REFERENCES `estados` (`id_estado`) ON DELETE CASCADE ON UPDATE CASCADE;

--
-- Filtros para la tabla `instructores`
--
ALTER TABLE `instructores`
  ADD CONSTRAINT `re_9` FOREIGN KEY (`id_tipo`) REFERENCES `tipo_documentos` (`id_tipo`) ON DELETE CASCADE ON UPDATE CASCADE;

--
-- Filtros para la tabla `juicios`
--
ALTER TABLE `juicios`
  ADD CONSTRAINT `re_5` FOREIGN KEY (`id_resultado`) REFERENCES `resultados` (`id_resultado`) ON DELETE CASCADE ON UPDATE CASCADE,
  ADD CONSTRAINT `re_6` FOREIGN KEY (`id_aprendiz`) REFERENCES `aprendices` (`documento`) ON DELETE CASCADE ON UPDATE CASCADE,
  ADD CONSTRAINT `re_7` FOREIGN KEY (`id_evaluacion`) REFERENCES `evaluaciones` (`id_evaluacion`) ON DELETE CASCADE ON UPDATE CASCADE,
  ADD CONSTRAINT `re_8` FOREIGN KEY (`id_instructor`) REFERENCES `instructores` (`documento`) ON DELETE CASCADE ON UPDATE CASCADE;

--
-- Filtros para la tabla `resultados`
--
ALTER TABLE `resultados`
  ADD CONSTRAINT `re_4` FOREIGN KEY (`id_competencia`) REFERENCES `competencias` (`id_competencia`) ON DELETE CASCADE ON UPDATE CASCADE;
COMMIT;

/*!40101 SET CHARACTER_SET_CLIENT=@OLD_CHARACTER_SET_CLIENT */;
/*!40101 SET CHARACTER_SET_RESULTS=@OLD_CHARACTER_SET_RESULTS */;
/*!40101 SET COLLATION_CONNECTION=@OLD_COLLATION_CONNECTION */;
